attendance_id,member_id,service_date,service_type
AT00001,M0001,2025-10-05,Sunday service
AT00002,M0002,2025-10-05,Sunday service
AT00003,M0003,2025-10-05,Sunday service
AT00004,M0004,2025-10-05,Sunday service
AT00005,M0006,2025-10-05,Sunday service
AT00006,M0008,2025-10-05,Sunday service
AT00007,M0011,2025-10-05,Sunday service
AT00008,M0013,2025-10-05,Sunday service
AT00009,M0014,2025-10-05,Sunday service
AT00010,M0015,2025-10-05,Sunday service
AT00011,M0016,2025-10-05,Sunday service
AT00012,M0019,2025-10-05,Sunday service
AT00013,M0021,2025-10-05,Sunday service
AT00014,M0023,2025-10-05,Sunday service
AT00015,M0025,2025-10-05,Sunday service
AT00016,M0027,2025-10-05,Sunday service
AT00017,M0030,2025-10-05,Sunday service
AT00018,M0031,2025-10-05,Sunday service
AT00019,M0033,2025-10-05,Sunday service
AT00020,M0034,2025-10-05,Sunday service
AT00021,M0035,2025-10-05,Sunday service
AT00022,M0036,2025-10-05,Sunday service
AT00023,M0037,2025-10-05,Sunday service
AT00024,M0039,2025-10-05,Sunday service
AT00025,M0040,2025-10-05,Sunday service
AT00026,M0042,2025-10-05,Sunday service
AT00027,M0044,2025-10-05,Sunday service
AT00028,M0045,2025-10-05,Sunday service
AT00029,M0049,2025-10-05,Sunday service
AT00030,M0053,2025-10-05,Sunday service
AT00031,M0055,2025-10-05,Sunday service
AT00032,M0056,2025-10-05,Sunday service
AT00033,M0057,2025-10-05,Sunday service
AT00034,M0058,2025-10-05,Sunday service
AT00035,M0059,2025-10-05,Sunday service
AT00036,M0062,2025-10-05,Sunday service
AT00037,M0063,2025-10-05,Sunday service
AT00038,M0065,2025-10-05,Sunday service
AT00039,M0067,2025-10-05,Sunday service
AT00040,M0068,2025-10-05,Sunday service
AT00041,M0069,2025-10-05,Sunday service
AT00042,M0070,2025-10-05,Sunday service
AT00043,M0071,2025-10-05,Sunday service
AT00044,M0073,2025-10-05,Sunday service
AT00045,M0074,2025-10-05,Sunday service
AT00046,M0076,2025-10-05,Sunday service
AT00047,M0077,2025-10-05,Sunday service
AT00048,M0080,2025-10-05,Sunday service
AT00049,M0084,2025-10-05,Sunday service
AT00050,M0086,2025-10-05,Sunday service
AT00051,M0088,2025-10-05,Sunday service
AT00052,M0091,2025-10-05,Sunday service
AT00053,M0092,2025-10-05,Sunday service
AT00054,M0093,2025-10-05,Sunday service
AT00055,M0095,2025-10-05,Sunday service
AT00056,M0097,2025-10-05,Sunday service
AT00057,M0098,2025-10-05,Sunday service
AT00058,M0099,2025-10-05,Sunday service
AT00059,M0101,2025-10-05,Sunday service
AT00060,M0103,2025-10-05,Sunday service
AT00061,M0104,2025-10-05,Sunday service
AT00062,M0105,2025-10-05,Sunday service
AT00063,M0106,2025-10-05,Sunday service
AT00064,M0108,2025-10-05,Sunday service
AT00065,M0113,2025-10-05,Sunday service
AT00066,M0114,2025-10-05,Sunday service
AT00067,M0116,2025-10-05,Sunday service
AT00068,M0119,2025-10-05,Sunday service
AT00069,M0124,2025-10-05,Sunday service
AT00070,M0126,2025-10-05,Sunday service
AT00071,M0127,2025-10-05,Sunday service
AT00072,M0129,2025-10-05,Sunday service
AT00073,M0130,2025-10-05,Sunday service
AT00074,M0131,2025-10-05,Sunday service
AT00075,M0134,2025-10-05,Sunday service
AT00076,M0137,2025-10-05,Sunday service
AT00077,M0139,2025-10-05,Sunday service
AT00078,M0140,2025-10-05,Sunday service
AT00079,M0143,2025-10-05,Sunday service
AT00080,M0144,2025-10-05,Sunday service
AT00081,M0147,2025-10-05,Sunday service
AT00082,M0148,2025-10-05,Sunday service
AT00083,M0149,2025-10-05,Sunday service
AT00084,M0150,2025-10-05,Sunday service
AT00085,M0153,2025-10-05,Sunday service
AT00086,M0154,2025-10-05,Sunday service
AT00087,M0155,2025-10-05,Sunday service
AT00088,M0156,2025-10-05,Sunday service
AT00089,M0157,2025-10-05,Sunday service
AT00090,M0158,2025-10-05,Sunday service
AT00091,M0160,2025-10-05,Sunday service
AT00092,M0163,2025-10-05,Sunday service
AT00093,M0164,2025-10-05,Sunday service
AT00094,M0165,2025-10-05,Sunday service
AT00095,M0166,2025-10-05,Sunday service
AT00096,M0168,2025-10-05,Sunday service
AT00097,M0169,2025-10-05,Sunday service
AT00098,M0170,2025-10-05,Sunday service
AT00099,M0174,2025-10-05,Sunday service
AT00100,M0176,2025-10-05,Sunday service
AT00101,M0178,2025-10-05,Sunday service
AT00102,M0180,2025-10-05,Sunday service
AT00103,M0183,2025-10-05,Sunday service
AT00104,M0186,2025-10-05,Sunday service
AT00105,M0187,2025-10-05,Sunday service
AT00106,M0188,2025-10-05,Sunday service
AT00107,M0189,2025-10-05,Sunday service
AT00108,M0190,2025-10-05,Sunday service
AT00109,M0191,2025-10-05,Sunday service
AT00110,M0193,2025-10-05,Sunday service
AT00111,M0194,2025-10-05,Sunday service
AT00112,M0196,2025-10-05,Sunday service
AT00113,M0197,2025-10-05,Sunday service
AT00114,M0198,2025-10-05,Sunday service
AT00115,M0200,2025-10-05,Sunday service
AT00116,M0202,2025-10-05,Sunday service
AT00117,M0204,2025-10-05,Sunday service
AT00118,M0205,2025-10-05,Sunday service
AT00119,M0206,2025-10-05,Sunday service
AT00120,M0207,2025-10-05,Sunday service
AT00121,M0208,2025-10-05,Sunday service
AT00122,M0209,2025-10-05,Sunday service
AT00123,M0212,2025-10-05,Sunday service
AT00124,M0213,2025-10-05,Sunday service
AT00125,M0214,2025-10-05,Sunday service
AT00126,M0217,2025-10-05,Sunday service
AT00127,M0218,2025-10-05,Sunday service
AT00128,M0219,2025-10-05,Sunday service
AT00129,M0220,2025-10-05,Sunday service
AT00130,M0221,2025-10-05,Sunday service
AT00131,M0228,2025-10-05,Sunday service
AT00132,M0229,2025-10-05,Sunday service
AT00133,M0230,2025-10-05,Sunday service
AT00134,M0232,2025-10-05,Sunday service
AT00135,M0234,2025-10-05,Sunday service
AT00136,M0235,2025-10-05,Sunday service
AT00137,M0236,2025-10-05,Sunday service
AT00138,M0237,2025-10-05,Sunday service
AT00139,M0240,2025-10-05,Sunday service
AT00140,M0001,2025-10-12,Sunday service
AT00141,M0002,2025-10-12,Sunday service
AT00142,M0003,2025-10-12,Sunday service
AT00143,M0004,2025-10-12,Sunday service
AT00144,M0008,2025-10-12,Sunday service
AT00145,M0010,2025-10-12,Sunday service
AT00146,M0011,2025-10-12,Sunday service
AT00147,M0012,2025-10-12,Sunday service
AT00148,M0015,2025-10-12,Sunday service
AT00149,M0017,2025-10-12,Sunday service
AT00150,M0018,2025-10-12,Sunday service
AT00151,M0019,2025-10-12,Sunday service
AT00152,M0023,2025-10-12,Sunday service
AT00153,M0026,2025-10-12,Sunday service
AT00154,M0027,2025-10-12,Sunday service
AT00155,M0030,2025-10-12,Sunday service
AT00156,M0031,2025-10-12,Sunday service
AT00157,M0033,2025-10-12,Sunday service
AT00158,M0034,2025-10-12,Sunday service
AT00159,M0037,2025-10-12,Sunday service
AT00160,M0038,2025-10-12,Sunday service
AT00161,M0039,2025-10-12,Sunday service
AT00162,M0040,2025-10-12,Sunday service
AT00163,M0042,2025-10-12,Sunday service
AT00164,M0044,2025-10-12,Sunday service
AT00165,M0045,2025-10-12,Sunday service
AT00166,M0049,2025-10-12,Sunday service
AT00167,M0051,2025-10-12,Sunday service
AT00168,M0055,2025-10-12,Sunday service
AT00169,M0056,2025-10-12,Sunday service
AT00170,M0057,2025-10-12,Sunday service
AT00171,M0058,2025-10-12,Sunday service
AT00172,M0059,2025-10-12,Sunday service
AT00173,M0060,2025-10-12,Sunday service
AT00174,M0062,2025-10-12,Sunday service
AT00175,M0063,2025-10-12,Sunday service
AT00176,M0065,2025-10-12,Sunday service
AT00177,M0067,2025-10-12,Sunday service
AT00178,M0069,2025-10-12,Sunday service
AT00179,M0070,2025-10-12,Sunday service
AT00180,M0071,2025-10-12,Sunday service
AT00181,M0073,2025-10-12,Sunday service
AT00182,M0074,2025-10-12,Sunday service
AT00183,M0075,2025-10-12,Sunday service
AT00184,M0076,2025-10-12,Sunday service
AT00185,M0077,2025-10-12,Sunday service
AT00186,M0078,2025-10-12,Sunday service
AT00187,M0080,2025-10-12,Sunday service
AT00188,M0082,2025-10-12,Sunday service
AT00189,M0083,2025-10-12,Sunday service
AT00190,M0084,2025-10-12,Sunday service
AT00191,M0085,2025-10-12,Sunday service
AT00192,M0086,2025-10-12,Sunday service
AT00193,M0093,2025-10-12,Sunday service
AT00194,M0095,2025-10-12,Sunday service
AT00195,M0097,2025-10-12,Sunday service
AT00196,M0098,2025-10-12,Sunday service
AT00197,M0099,2025-10-12,Sunday service
AT00198,M0103,2025-10-12,Sunday service
AT00199,M0104,2025-10-12,Sunday service
AT00200,M0106,2025-10-12,Sunday service
AT00201,M0107,2025-10-12,Sunday service
AT00202,M0109,2025-10-12,Sunday service
AT00203,M0111,2025-10-12,Sunday service
AT00204,M0115,2025-10-12,Sunday service
AT00205,M0118,2025-10-12,Sunday service
AT00206,M0119,2025-10-12,Sunday service
AT00207,M0121,2025-10-12,Sunday service
AT00208,M0124,2025-10-12,Sunday service
AT00209,M0126,2025-10-12,Sunday service
AT00210,M0128,2025-10-12,Sunday service
AT00211,M0130,2025-10-12,Sunday service
AT00212,M0136,2025-10-12,Sunday service
AT00213,M0138,2025-10-12,Sunday service
AT00214,M0140,2025-10-12,Sunday service
AT00215,M0141,2025-10-12,Sunday service
AT00216,M0144,2025-10-12,Sunday service
AT00217,M0147,2025-10-12,Sunday service
AT00218,M0148,2025-10-12,Sunday service
AT00219,M0150,2025-10-12,Sunday service
AT00220,M0154,2025-10-12,Sunday service
AT00221,M0155,2025-10-12,Sunday service
AT00222,M0156,2025-10-12,Sunday service
AT00223,M0158,2025-10-12,Sunday service
AT00224,M0160,2025-10-12,Sunday service
AT00225,M0162,2025-10-12,Sunday service
AT00226,M0164,2025-10-12,Sunday service
AT00227,M0165,2025-10-12,Sunday service
AT00228,M0169,2025-10-12,Sunday service
AT00229,M0174,2025-10-12,Sunday service
AT00230,M0177,2025-10-12,Sunday service
AT00231,M0180,2025-10-12,Sunday service
AT00232,M0185,2025-10-12,Sunday service
AT00233,M0186,2025-10-12,Sunday service
AT00234,M0187,2025-10-12,Sunday service
AT00235,M0188,2025-10-12,Sunday service
AT00236,M0189,2025-10-12,Sunday service
AT00237,M0190,2025-10-12,Sunday service
AT00238,M0191,2025-10-12,Sunday service
AT00239,M0193,2025-10-12,Sunday service
AT00240,M0194,2025-10-12,Sunday service
AT00241,M0196,2025-10-12,Sunday service
AT00242,M0197,2025-10-12,Sunday service
AT00243,M0198,2025-10-12,Sunday service
AT00244,M0201,2025-10-12,Sunday service
AT00245,M0202,2025-10-12,Sunday service
AT00246,M0204,2025-10-12,Sunday service
AT00247,M0205,2025-10-12,Sunday service
AT00248,M0208,2025-10-12,Sunday service
AT00249,M0213,2025-10-12,Sunday service
AT00250,M0214,2025-10-12,Sunday service
AT00251,M0215,2025-10-12,Sunday service
AT00252,M0216,2025-10-12,Sunday service
AT00253,M0217,2025-10-12,Sunday service
AT00254,M0218,2025-10-12,Sunday service
AT00255,M0225,2025-10-12,Sunday service
AT00256,M0226,2025-10-12,Sunday service
AT00257,M0228,2025-10-12,Sunday service
AT00258,M0229,2025-10-12,Sunday service
AT00259,M0230,2025-10-12,Sunday service
AT00260,M0232,2025-10-12,Sunday service
AT00261,M0233,2025-10-12,Sunday service
AT00262,M0235,2025-10-12,Sunday service
AT00263,M0236,2025-10-12,Sunday service
AT00264,M0237,2025-10-12,Sunday service
AT00265,M0240,2025-10-12,Sunday service
AT00266,M0001,2025-10-19,Sunday service
AT00267,M0002,2025-10-19,Sunday service
AT00268,M0003,2025-10-19,Sunday service
AT00269,M0004,2025-10-19,Sunday service
AT00270,M0007,2025-10-19,Sunday service
AT00271,M0008,2025-10-19,Sunday service
AT00272,M0012,2025-10-19,Sunday service
AT00273,M0013,2025-10-19,Sunday service
AT00274,M0014,2025-10-19,Sunday service
AT00275,M0016,2025-10-19,Sunday service
AT00276,M0018,2025-10-19,Sunday service
AT00277,M0019,2025-10-19,Sunday service
AT00278,M0025,2025-10-19,Sunday service
AT00279,M0026,2025-10-19,Sunday service
AT00280,M0027,2025-10-19,Sunday service
AT00281,M0030,2025-10-19,Sunday service
AT00282,M0031,2025-10-19,Sunday service
AT00283,M0033,2025-10-19,Sunday service
AT00284,M0034,2025-10-19,Sunday service
AT00285,M0037,2025-10-19,Sunday service
AT00286,M0038,2025-10-19,Sunday service
AT00287,M0039,2025-10-19,Sunday service
AT00288,M0040,2025-10-19,Sunday service
AT00289,M0044,2025-10-19,Sunday service
AT00290,M0045,2025-10-19,Sunday service
AT00291,M0048,2025-10-19,Sunday service
AT00292,M0049,2025-10-19,Sunday service
AT00293,M0051,2025-10-19,Sunday service
AT00294,M0053,2025-10-19,Sunday service
AT00295,M0055,2025-10-19,Sunday service
AT00296,M0056,2025-10-19,Sunday service
AT00297,M0058,2025-10-19,Sunday service
AT00298,M0059,2025-10-19,Sunday service
AT00299,M0060,2025-10-19,Sunday service
AT00300,M0061,2025-10-19,Sunday service
AT00301,M0062,2025-10-19,Sunday service
AT00302,M0063,2025-10-19,Sunday service
AT00303,M0065,2025-10-19,Sunday service
AT00304,M0069,2025-10-19,Sunday service
AT00305,M0070,2025-10-19,Sunday service
AT00306,M0071,2025-10-19,Sunday service
AT00307,M0074,2025-10-19,Sunday service
AT00308,M0075,2025-10-19,Sunday service
AT00309,M0076,2025-10-19,Sunday service
AT00310,M0077,2025-10-19,Sunday service
AT00311,M0078,2025-10-19,Sunday service
AT00312,M0079,2025-10-19,Sunday service
AT00313,M0083,2025-10-19,Sunday service
AT00314,M0084,2025-10-19,Sunday service
AT00315,M0086,2025-10-19,Sunday service
AT00316,M0092,2025-10-19,Sunday service
AT00317,M0093,2025-10-19,Sunday service
AT00318,M0095,2025-10-19,Sunday service
AT00319,M0101,2025-10-19,Sunday service
AT00320,M0102,2025-10-19,Sunday service
AT00321,M0103,2025-10-19,Sunday service
AT00322,M0104,2025-10-19,Sunday service
AT00323,M0105,2025-10-19,Sunday service
AT00324,M0106,2025-10-19,Sunday service
AT00325,M0108,2025-10-19,Sunday service
AT00326,M0109,2025-10-19,Sunday service
AT00327,M0112,2025-10-19,Sunday service
AT00328,M0113,2025-10-19,Sunday service
AT00329,M0114,2025-10-19,Sunday service
AT00330,M0116,2025-10-19,Sunday service
AT00331,M0119,2025-10-19,Sunday service
AT00332,M0124,2025-10-19,Sunday service
AT00333,M0125,2025-10-19,Sunday service
AT00334,M0127,2025-10-19,Sunday service
AT00335,M0128,2025-10-19,Sunday service
AT00336,M0130,2025-10-19,Sunday service
AT00337,M0131,2025-10-19,Sunday service
AT00338,M0132,2025-10-19,Sunday service
AT00339,M0137,2025-10-19,Sunday service
AT00340,M0138,2025-10-19,Sunday service
AT00341,M0139,2025-10-19,Sunday service
AT00342,M0142,2025-10-19,Sunday service
AT00343,M0143,2025-10-19,Sunday service
AT00344,M0144,2025-10-19,Sunday service
AT00345,M0147,2025-10-19,Sunday service
AT00346,M0150,2025-10-19,Sunday service
AT00347,M0151,2025-10-19,Sunday service
AT00348,M0153,2025-10-19,Sunday service
AT00349,M0154,2025-10-19,Sunday service
AT00350,M0155,2025-10-19,Sunday service
AT00351,M0157,2025-10-19,Sunday service
AT00352,M0158,2025-10-19,Sunday service
AT00353,M0160,2025-10-19,Sunday service
AT00354,M0161,2025-10-19,Sunday service
AT00355,M0162,2025-10-19,Sunday service
AT00356,M0164,2025-10-19,Sunday service
AT00357,M0165,2025-10-19,Sunday service
AT00358,M0166,2025-10-19,Sunday service
AT00359,M0168,2025-10-19,Sunday service
AT00360,M0169,2025-10-19,Sunday service
AT00361,M0174,2025-10-19,Sunday service
AT00362,M0175,2025-10-19,Sunday service
AT00363,M0178,2025-10-19,Sunday service
AT00364,M0180,2025-10-19,Sunday service
AT00365,M0181,2025-10-19,Sunday service
AT00366,M0183,2025-10-19,Sunday service
AT00367,M0185,2025-10-19,Sunday service
AT00368,M0186,2025-10-19,Sunday service
AT00369,M0188,2025-10-19,Sunday service
AT00370,M0189,2025-10-19,Sunday service
AT00371,M0190,2025-10-19,Sunday service
AT00372,M0191,2025-10-19,Sunday service
AT00373,M0196,2025-10-19,Sunday service
AT00374,M0197,2025-10-19,Sunday service
AT00375,M0198,2025-10-19,Sunday service
AT00376,M0200,2025-10-19,Sunday service
AT00377,M0204,2025-10-19,Sunday service
AT00378,M0206,2025-10-19,Sunday service
AT00379,M0207,2025-10-19,Sunday service
AT00380,M0210,2025-10-19,Sunday service
AT00381,M0211,2025-10-19,Sunday service
AT00382,M0214,2025-10-19,Sunday service
AT00383,M0215,2025-10-19,Sunday service
AT00384,M0216,2025-10-19,Sunday service
AT00385,M0218,2025-10-19,Sunday service
AT00386,M0219,2025-10-19,Sunday service
AT00387,M0220,2025-10-19,Sunday service
AT00388,M0221,2025-10-19,Sunday service
AT00389,M0225,2025-10-19,Sunday service
AT00390,M0226,2025-10-19,Sunday service
AT00391,M0228,2025-10-19,Sunday service
AT00392,M0229,2025-10-19,Sunday service
AT00393,M0230,2025-10-19,Sunday service
AT00394,M0234,2025-10-19,Sunday service
AT00395,M0235,2025-10-19,Sunday service
AT00396,M0236,2025-10-19,Sunday service
AT00397,M0237,2025-10-19,Sunday service
AT00398,M0238,2025-10-19,Sunday service
AT00399,M0239,2025-10-19,Sunday service
AT00400,M0001,2025-10-26,Sunday service
AT00401,M0003,2025-10-26,Sunday service
AT00402,M0004,2025-10-26,Sunday service
AT00403,M0006,2025-10-26,Sunday service
AT00404,M0010,2025-10-26,Sunday service
AT00405,M0011,2025-10-26,Sunday service
AT00406,M0012,2025-10-26,Sunday service
AT00407,M0013,2025-10-26,Sunday service
AT00408,M0015,2025-10-26,Sunday service
AT00409,M0016,2025-10-26,Sunday service
AT00410,M0017,2025-10-26,Sunday service
AT00411,M0018,2025-10-26,Sunday service
AT00412,M0023,2025-10-26,Sunday service
AT00413,M0026,2025-10-26,Sunday service
AT00414,M0031,2025-10-26,Sunday service
AT00415,M0032,2025-10-26,Sunday service
AT00416,M0033,2025-10-26,Sunday service
AT00417,M0034,2025-10-26,Sunday service
AT00418,M0035,2025-10-26,Sunday service
AT00419,M0036,2025-10-26,Sunday service
AT00420,M0037,2025-10-26,Sunday service
AT00421,M0038,2025-10-26,Sunday service
AT00422,M0044,2025-10-26,Sunday service
AT00423,M0047,2025-10-26,Sunday service
AT00424,M0048,2025-10-26,Sunday service
AT00425,M0049,2025-10-26,Sunday service
AT00426,M0053,2025-10-26,Sunday service
AT00427,M0055,2025-10-26,Sunday service
AT00428,M0056,2025-10-26,Sunday service
AT00429,M0057,2025-10-26,Sunday service
AT00430,M0058,2025-10-26,Sunday service
AT00431,M0060,2025-10-26,Sunday service
AT00432,M0062,2025-10-26,Sunday service
AT00433,M0063,2025-10-26,Sunday service
AT00434,M0064,2025-10-26,Sunday service
AT00435,M0065,2025-10-26,Sunday service
AT00436,M0070,2025-10-26,Sunday service
AT00437,M0071,2025-10-26,Sunday service
AT00438,M0073,2025-10-26,Sunday service
AT00439,M0075,2025-10-26,Sunday service
AT00440,M0077,2025-10-26,Sunday service
AT00441,M0080,2025-10-26,Sunday service
AT00442,M0081,2025-10-26,Sunday service
AT00443,M0083,2025-10-26,Sunday service
AT00444,M0084,2025-10-26,Sunday service
AT00445,M0085,2025-10-26,Sunday service
AT00446,M0086,2025-10-26,Sunday service
AT00447,M0091,2025-10-26,Sunday service
AT00448,M0098,2025-10-26,Sunday service
AT00449,M0099,2025-10-26,Sunday service
AT00450,M0101,2025-10-26,Sunday service
AT00451,M0103,2025-10-26,Sunday service
AT00452,M0104,2025-10-26,Sunday service
AT00453,M0105,2025-10-26,Sunday service
AT00454,M0107,2025-10-26,Sunday service
AT00455,M0109,2025-10-26,Sunday service
AT00456,M0111,2025-10-26,Sunday service
AT00457,M0112,2025-10-26,Sunday service
AT00458,M0113,2025-10-26,Sunday service
AT00459,M0115,2025-10-26,Sunday service
AT00460,M0116,2025-10-26,Sunday service
AT00461,M0118,2025-10-26,Sunday service
AT00462,M0119,2025-10-26,Sunday service
AT00463,M0121,2025-10-26,Sunday service
AT00464,M0124,2025-10-26,Sunday service
AT00465,M0125,2025-10-26,Sunday service
AT00466,M0126,2025-10-26,Sunday service
AT00467,M0127,2025-10-26,Sunday service
AT00468,M0130,2025-10-26,Sunday service
AT00469,M0134,2025-10-26,Sunday service
AT00470,M0137,2025-10-26,Sunday service
AT00471,M0138,2025-10-26,Sunday service
AT00472,M0139,2025-10-26,Sunday service
AT00473,M0140,2025-10-26,Sunday service
AT00474,M0143,2025-10-26,Sunday service
AT00475,M0146,2025-10-26,Sunday service
AT00476,M0147,2025-10-26,Sunday service
AT00477,M0149,2025-10-26,Sunday service
AT00478,M0150,2025-10-26,Sunday service
AT00479,M0151,2025-10-26,Sunday service
AT00480,M0153,2025-10-26,Sunday service
AT00481,M0154,2025-10-26,Sunday service
AT00482,M0155,2025-10-26,Sunday service
AT00483,M0160,2025-10-26,Sunday service
AT00484,M0162,2025-10-26,Sunday service
AT00485,M0163,2025-10-26,Sunday service
AT00486,M0164,2025-10-26,Sunday service
AT00487,M0166,2025-10-26,Sunday service
AT00488,M0167,2025-10-26,Sunday service
AT00489,M0168,2025-10-26,Sunday service
AT00490,M0169,2025-10-26,Sunday service
AT00491,M0170,2025-10-26,Sunday service
AT00492,M0174,2025-10-26,Sunday service
AT00493,M0175,2025-10-26,Sunday service
AT00494,M0177,2025-10-26,Sunday service
AT00495,M0178,2025-10-26,Sunday service
AT00496,M0180,2025-10-26,Sunday service
AT00497,M0181,2025-10-26,Sunday service
AT00498,M0182,2025-10-26,Sunday service
AT00499,M0183,2025-10-26,Sunday service
AT00500,M0188,2025-10-26,Sunday service
AT00501,M0190,2025-10-26,Sunday service
AT00502,M0191,2025-10-26,Sunday service
AT00503,M0193,2025-10-26,Sunday service
AT00504,M0196,2025-10-26,Sunday service
AT00505,M0197,2025-10-26,Sunday service
AT00506,M0198,2025-10-26,Sunday service
AT00507,M0200,2025-10-26,Sunday service
AT00508,M0202,2025-10-26,Sunday service
AT00509,M0204,2025-10-26,Sunday service
AT00510,M0205,2025-10-26,Sunday service
AT00511,M0208,2025-10-26,Sunday service
AT00512,M0210,2025-10-26,Sunday service
AT00513,M0211,2025-10-26,Sunday service
AT00514,M0213,2025-10-26,Sunday service
AT00515,M0214,2025-10-26,Sunday service
AT00516,M0216,2025-10-26,Sunday service
AT00517,M0217,2025-10-26,Sunday service
AT00518,M0218,2025-10-26,Sunday service
AT00519,M0219,2025-10-26,Sunday service
AT00520,M0220,2025-10-26,Sunday service
AT00521,M0221,2025-10-26,Sunday service
AT00522,M0224,2025-10-26,Sunday service
AT00523,M0226,2025-10-26,Sunday service
AT00524,M0228,2025-10-26,Sunday service
AT00525,M0229,2025-10-26,Sunday service
AT00526,M0230,2025-10-26,Sunday service
AT00527,M0231,2025-10-26,Sunday service
AT00528,M0235,2025-10-26,Sunday service
AT00529,M0236,2025-10-26,Sunday service
AT00530,M0237,2025-10-26,Sunday service
AT00531,M0239,2025-10-26,Sunday service
AT00532,M0240,2025-10-26,Sunday service
AT00533,M0001,2025-11-02,Sunday service
AT00534,M0002,2025-11-02,Sunday service
AT00535,M0003,2025-11-02,Sunday service
AT00536,M0004,2025-11-02,Sunday service
AT00537,M0005,2025-11-02,Sunday service
AT00538,M0006,2025-11-02,Sunday service
AT00539,M0010,2025-11-02,Sunday service
AT00540,M0011,2025-11-02,Sunday service
AT00541,M0015,2025-11-02,Sunday service
AT00542,M0016,2025-11-02,Sunday service
AT00543,M0018,2025-11-02,Sunday service
AT00544,M0022,2025-11-02,Sunday service
AT00545,M0023,2025-11-02,Sunday service
AT00546,M0025,2025-11-02,Sunday service
AT00547,M0026,2025-11-02,Sunday service
AT00548,M0027,2025-11-02,Sunday service
AT00549,M0030,2025-11-02,Sunday service
AT00550,M0031,2025-11-02,Sunday service
AT00551,M0032,2025-11-02,Sunday service
AT00552,M0033,2025-11-02,Sunday service
AT00553,M0034,2025-11-02,Sunday service
AT00554,M0037,2025-11-02,Sunday service
AT00555,M0039,2025-11-02,Sunday service
AT00556,M0042,2025-11-02,Sunday service
AT00557,M0044,2025-11-02,Sunday service
AT00558,M0046,2025-11-02,Sunday service
AT00559,M0048,2025-11-02,Sunday service
AT00560,M0049,2025-11-02,Sunday service
AT00561,M0053,2025-11-02,Sunday service
AT00562,M0055,2025-11-02,Sunday service
AT00563,M0056,2025-11-02,Sunday service
AT00564,M0057,2025-11-02,Sunday service
AT00565,M0058,2025-11-02,Sunday service
AT00566,M0059,2025-11-02,Sunday service
AT00567,M0060,2025-11-02,Sunday service
AT00568,M0062,2025-11-02,Sunday service
AT00569,M0069,2025-11-02,Sunday service
AT00570,M0070,2025-11-02,Sunday service
AT00571,M0073,2025-11-02,Sunday service
AT00572,M0074,2025-11-02,Sunday service
AT00573,M0075,2025-11-02,Sunday service
AT00574,M0076,2025-11-02,Sunday service
AT00575,M0077,2025-11-02,Sunday service
AT00576,M0078,2025-11-02,Sunday service
AT00577,M0080,2025-11-02,Sunday service
AT00578,M0082,2025-11-02,Sunday service
AT00579,M0083,2025-11-02,Sunday service
AT00580,M0084,2025-11-02,Sunday service
AT00581,M0085,2025-11-02,Sunday service
AT00582,M0086,2025-11-02,Sunday service
AT00583,M0088,2025-11-02,Sunday service
AT00584,M0091,2025-11-02,Sunday service
AT00585,M0093,2025-11-02,Sunday service
AT00586,M0097,2025-11-02,Sunday service
AT00587,M0099,2025-11-02,Sunday service
AT00588,M0101,2025-11-02,Sunday service
AT00589,M0104,2025-11-02,Sunday service
AT00590,M0105,2025-11-02,Sunday service
AT00591,M0106,2025-11-02,Sunday service
AT00592,M0107,2025-11-02,Sunday service
AT00593,M0109,2025-11-02,Sunday service
AT00594,M0113,2025-11-02,Sunday service
AT00595,M0115,2025-11-02,Sunday service
AT00596,M0116,2025-11-02,Sunday service
AT00597,M0119,2025-11-02,Sunday service
AT00598,M0121,2025-11-02,Sunday service
AT00599,M0123,2025-11-02,Sunday service
AT00600,M0124,2025-11-02,Sunday service
AT00601,M0125,2025-11-02,Sunday service
AT00602,M0126,2025-11-02,Sunday service
AT00603,M0138,2025-11-02,Sunday service
AT00604,M0139,2025-11-02,Sunday service
AT00605,M0141,2025-11-02,Sunday service
AT00606,M0143,2025-11-02,Sunday service
AT00607,M0144,2025-11-02,Sunday service
AT00608,M0150,2025-11-02,Sunday service
AT00609,M0151,2025-11-02,Sunday service
AT00610,M0153,2025-11-02,Sunday service
AT00611,M0155,2025-11-02,Sunday service
AT00612,M0156,2025-11-02,Sunday service
AT00613,M0158,2025-11-02,Sunday service
AT00614,M0160,2025-11-02,Sunday service
AT00615,M0162,2025-11-02,Sunday service
AT00616,M0164,2025-11-02,Sunday service
AT00617,M0165,2025-11-02,Sunday service
AT00618,M0166,2025-11-02,Sunday service
AT00619,M0167,2025-11-02,Sunday service
AT00620,M0169,2025-11-02,Sunday service
AT00621,M0172,2025-11-02,Sunday service
AT00622,M0174,2025-11-02,Sunday service
AT00623,M0177,2025-11-02,Sunday service
AT00624,M0178,2025-11-02,Sunday service
AT00625,M0182,2025-11-02,Sunday service
AT00626,M0183,2025-11-02,Sunday service
AT00627,M0186,2025-11-02,Sunday service
AT00628,M0188,2025-11-02,Sunday service
AT00629,M0189,2025-11-02,Sunday service
AT00630,M0190,2025-11-02,Sunday service
AT00631,M0191,2025-11-02,Sunday service
AT00632,M0193,2025-11-02,Sunday service
AT00633,M0196,2025-11-02,Sunday service
AT00634,M0197,2025-11-02,Sunday service
AT00635,M0198,2025-11-02,Sunday service
AT00636,M0200,2025-11-02,Sunday service
AT00637,M0204,2025-11-02,Sunday service
AT00638,M0208,2025-11-02,Sunday service
AT00639,M0209,2025-11-02,Sunday service
AT00640,M0210,2025-11-02,Sunday service
AT00641,M0211,2025-11-02,Sunday service
AT00642,M0213,2025-11-02,Sunday service
AT00643,M0215,2025-11-02,Sunday service
AT00644,M0216,2025-11-02,Sunday service
AT00645,M0218,2025-11-02,Sunday service
AT00646,M0220,2025-11-02,Sunday service
AT00647,M0221,2025-11-02,Sunday service
AT00648,M0226,2025-11-02,Sunday service
AT00649,M0228,2025-11-02,Sunday service
AT00650,M0229,2025-11-02,Sunday service
AT00651,M0230,2025-11-02,Sunday service
AT00652,M0231,2025-11-02,Sunday service
AT00653,M0232,2025-11-02,Sunday service
AT00654,M0234,2025-11-02,Sunday service
AT00655,M0235,2025-11-02,Sunday service
AT00656,M0236,2025-11-02,Sunday service
AT00657,M0237,2025-11-02,Sunday service
AT00658,M0238,2025-11-02,Sunday service
AT00659,M0239,2025-11-02,Sunday service
AT00660,M0002,2025-11-09,Sunday service
AT00661,M0003,2025-11-09,Sunday service
AT00662,M0004,2025-11-09,Sunday service
AT00663,M0006,2025-11-09,Sunday service
AT00664,M0008,2025-11-09,Sunday service
AT00665,M0010,2025-11-09,Sunday service
AT00666,M0011,2025-11-09,Sunday service
AT00667,M0012,2025-11-09,Sunday service
AT00668,M0015,2025-11-09,Sunday service
AT00669,M0016,2025-11-09,Sunday service
AT00670,M0018,2025-11-09,Sunday service
AT00671,M0023,2025-11-09,Sunday service
AT00672,M0026,2025-11-09,Sunday service
AT00673,M0027,2025-11-09,Sunday service
AT00674,M0028,2025-11-09,Sunday service
AT00675,M0030,2025-11-09,Sunday service
AT00676,M0031,2025-11-09,Sunday service
AT00677,M0032,2025-11-09,Sunday service
AT00678,M0033,2025-11-09,Sunday service
AT00679,M0034,2025-11-09,Sunday service
AT00680,M0035,2025-11-09,Sunday service
AT00681,M0037,2025-11-09,Sunday service
AT00682,M0039,2025-11-09,Sunday service
AT00683,M0040,2025-11-09,Sunday service
AT00684,M0044,2025-11-09,Sunday service
AT00685,M0045,2025-11-09,Sunday service
AT00686,M0051,2025-11-09,Sunday service
AT00687,M0055,2025-11-09,Sunday service
AT00688,M0056,2025-11-09,Sunday service
AT00689,M0057,2025-11-09,Sunday service
AT00690,M0058,2025-11-09,Sunday service
AT00691,M0060,2025-11-09,Sunday service
AT00692,M0061,2025-11-09,Sunday service
AT00693,M0063,2025-11-09,Sunday service
AT00694,M0067,2025-11-09,Sunday service
AT00695,M0069,2025-11-09,Sunday service
AT00696,M0070,2025-11-09,Sunday service
AT00697,M0076,2025-11-09,Sunday service
AT00698,M0077,2025-11-09,Sunday service
AT00699,M0080,2025-11-09,Sunday service
AT00700,M0082,2025-11-09,Sunday service
AT00701,M0083,2025-11-09,Sunday service
AT00702,M0084,2025-11-09,Sunday service
AT00703,M0086,2025-11-09,Sunday service
AT00704,M0087,2025-11-09,Sunday service
AT00705,M0092,2025-11-09,Sunday service
AT00706,M0093,2025-11-09,Sunday service
AT00707,M0095,2025-11-09,Sunday service
AT00708,M0097,2025-11-09,Sunday service
AT00709,M0098,2025-11-09,Sunday service
AT00710,M0099,2025-11-09,Sunday service
AT00711,M0103,2025-11-09,Sunday service
AT00712,M0105,2025-11-09,Sunday service
AT00713,M0106,2025-11-09,Sunday service
AT00714,M0113,2025-11-09,Sunday service
AT00715,M0115,2025-11-09,Sunday service
AT00716,M0116,2025-11-09,Sunday service
AT00717,M0118,2025-11-09,Sunday service
AT00718,M0119,2025-11-09,Sunday service
AT00719,M0121,2025-11-09,Sunday service
AT00720,M0124,2025-11-09,Sunday service
AT00721,M0126,2025-11-09,Sunday service
AT00722,M0127,2025-11-09,Sunday service
AT00723,M0131,2025-11-09,Sunday service
AT00724,M0132,2025-11-09,Sunday service
AT00725,M0138,2025-11-09,Sunday service
AT00726,M0139,2025-11-09,Sunday service
AT00727,M0140,2025-11-09,Sunday service
AT00728,M0142,2025-11-09,Sunday service
AT00729,M0143,2025-11-09,Sunday service
AT00730,M0144,2025-11-09,Sunday service
AT00731,M0146,2025-11-09,Sunday service
AT00732,M0147,2025-11-09,Sunday service
AT00733,M0149,2025-11-09,Sunday service
AT00734,M0150,2025-11-09,Sunday service
AT00735,M0153,2025-11-09,Sunday service
AT00736,M0154,2025-11-09,Sunday service
AT00737,M0156,2025-11-09,Sunday service
AT00738,M0157,2025-11-09,Sunday service
AT00739,M0158,2025-11-09,Sunday service
AT00740,M0164,2025-11-09,Sunday service
AT00741,M0167,2025-11-09,Sunday service
AT00742,M0168,2025-11-09,Sunday service
AT00743,M0169,2025-11-09,Sunday service
AT00744,M0174,2025-11-09,Sunday service
AT00745,M0175,2025-11-09,Sunday service
AT00746,M0176,2025-11-09,Sunday service
AT00747,M0177,2025-11-09,Sunday service
AT00748,M0178,2025-11-09,Sunday service
AT00749,M0180,2025-11-09,Sunday service
AT00750,M0182,2025-11-09,Sunday service
AT00751,M0184,2025-11-09,Sunday service
AT00752,M0185,2025-11-09,Sunday service
AT00753,M0186,2025-11-09,Sunday service
AT00754,M0187,2025-11-09,Sunday service
AT00755,M0188,2025-11-09,Sunday service
AT00756,M0189,2025-11-09,Sunday service
AT00757,M0190,2025-11-09,Sunday service
AT00758,M0191,2025-11-09,Sunday service
AT00759,M0195,2025-11-09,Sunday service
AT00760,M0196,2025-11-09,Sunday service
AT00761,M0197,2025-11-09,Sunday service
AT00762,M0198,2025-11-09,Sunday service
AT00763,M0200,2025-11-09,Sunday service
AT00764,M0204,2025-11-09,Sunday service
AT00765,M0205,2025-11-09,Sunday service
AT00766,M0206,2025-11-09,Sunday service
AT00767,M0207,2025-11-09,Sunday service
AT00768,M0208,2025-11-09,Sunday service
AT00769,M0210,2025-11-09,Sunday service
AT00770,M0214,2025-11-09,Sunday service
AT00771,M0215,2025-11-09,Sunday service
AT00772,M0216,2025-11-09,Sunday service
AT00773,M0217,2025-11-09,Sunday service
AT00774,M0218,2025-11-09,Sunday service
AT00775,M0219,2025-11-09,Sunday service
AT00776,M0220,2025-11-09,Sunday service
AT00777,M0221,2025-11-09,Sunday service
AT00778,M0225,2025-11-09,Sunday service
AT00779,M0229,2025-11-09,Sunday service
AT00780,M0230,2025-11-09,Sunday service
AT00781,M0231,2025-11-09,Sunday service
AT00782,M0232,2025-11-09,Sunday service
AT00783,M0234,2025-11-09,Sunday service
AT00784,M0236,2025-11-09,Sunday service
AT00785,M0237,2025-11-09,Sunday service
AT00786,M0238,2025-11-09,Sunday service
AT00787,M0239,2025-11-09,Sunday service
AT00788,M0240,2025-11-09,Sunday service
AT00789,M0001,2025-11-16,Sunday service
AT00790,M0002,2025-11-16,Sunday service
AT00791,M0004,2025-11-16,Sunday service
AT00792,M0005,2025-11-16,Sunday service
AT00793,M0006,2025-11-16,Sunday service
AT00794,M0008,2025-11-16,Sunday service
AT00795,M0010,2025-11-16,Sunday service
AT00796,M0011,2025-11-16,Sunday service
AT00797,M0012,2025-11-16,Sunday service
AT00798,M0014,2025-11-16,Sunday service
AT00799,M0016,2025-11-16,Sunday service
AT00800,M0018,2025-11-16,Sunday service
AT00801,M0019,2025-11-16,Sunday service
AT00802,M0023,2025-11-16,Sunday service
AT00803,M0026,2025-11-16,Sunday service
AT00804,M0027,2025-11-16,Sunday service
AT00805,M0030,2025-11-16,Sunday service
AT00806,M0031,2025-11-16,Sunday service
AT00807,M0033,2025-11-16,Sunday service
AT00808,M0035,2025-11-16,Sunday service
AT00809,M0037,2025-11-16,Sunday service
AT00810,M0038,2025-11-16,Sunday service
AT00811,M0039,2025-11-16,Sunday service
AT00812,M0040,2025-11-16,Sunday service
AT00813,M0044,2025-11-16,Sunday service
AT00814,M0045,2025-11-16,Sunday service
AT00815,M0049,2025-11-16,Sunday service
AT00816,M0051,2025-11-16,Sunday service
AT00817,M0055,2025-11-16,Sunday service
AT00818,M0056,2025-11-16,Sunday service
AT00819,M0057,2025-11-16,Sunday service
AT00820,M0058,2025-11-16,Sunday service
AT00821,M0059,2025-11-16,Sunday service
AT00822,M0060,2025-11-16,Sunday service
AT00823,M0061,2025-11-16,Sunday service
AT00824,M0062,2025-11-16,Sunday service
AT00825,M0063,2025-11-16,Sunday service
AT00826,M0064,2025-11-16,Sunday service
AT00827,M0067,2025-11-16,Sunday service
AT00828,M0069,2025-11-16,Sunday service
AT00829,M0071,2025-11-16,Sunday service
AT00830,M0074,2025-11-16,Sunday service
AT00831,M0075,2025-11-16,Sunday service
AT00832,M0076,2025-11-16,Sunday service
AT00833,M0077,2025-11-16,Sunday service
AT00834,M0078,2025-11-16,Sunday service
AT00835,M0079,2025-11-16,Sunday service
AT00836,M0080,2025-11-16,Sunday service
AT00837,M0083,2025-11-16,Sunday service
AT00838,M0084,2025-11-16,Sunday service
AT00839,M0085,2025-11-16,Sunday service
AT00840,M0086,2025-11-16,Sunday service
AT00841,M0093,2025-11-16,Sunday service
AT00842,M0095,2025-11-16,Sunday service
AT00843,M0097,2025-11-16,Sunday service
AT00844,M0105,2025-11-16,Sunday service
AT00845,M0106,2025-11-16,Sunday service
AT00846,M0107,2025-11-16,Sunday service
AT00847,M0113,2025-11-16,Sunday service
AT00848,M0115,2025-11-16,Sunday service
AT00849,M0116,2025-11-16,Sunday service
AT00850,M0118,2025-11-16,Sunday service
AT00851,M0119,2025-11-16,Sunday service
AT00852,M0121,2025-11-16,Sunday service
AT00853,M0123,2025-11-16,Sunday service
AT00854,M0124,2025-11-16,Sunday service
AT00855,M0126,2025-11-16,Sunday service
AT00856,M0127,2025-11-16,Sunday service
AT00857,M0130,2025-11-16,Sunday service
AT00858,M0131,2025-11-16,Sunday service
AT00859,M0134,2025-11-16,Sunday service
AT00860,M0136,2025-11-16,Sunday service
AT00861,M0138,2025-11-16,Sunday service
AT00862,M0139,2025-11-16,Sunday service
AT00863,M0140,2025-11-16,Sunday service
AT00864,M0143,2025-11-16,Sunday service
AT00865,M0144,2025-11-16,Sunday service
AT00866,M0147,2025-11-16,Sunday service
AT00867,M0148,2025-11-16,Sunday service
AT00868,M0149,2025-11-16,Sunday service
AT00869,M0153,2025-11-16,Sunday service
AT00870,M0154,2025-11-16,Sunday service
AT00871,M0155,2025-11-16,Sunday service
AT00872,M0156,2025-11-16,Sunday service
AT00873,M0160,2025-11-16,Sunday service
AT00874,M0162,2025-11-16,Sunday service
AT00875,M0164,2025-11-16,Sunday service
AT00876,M0165,2025-11-16,Sunday service
AT00877,M0166,2025-11-16,Sunday service
AT00878,M0169,2025-11-16,Sunday service
AT00879,M0170,2025-11-16,Sunday service
AT00880,M0171,2025-11-16,Sunday service
AT00881,M0173,2025-11-16,Sunday service
AT00882,M0174,2025-11-16,Sunday service
AT00883,M0175,2025-11-16,Sunday service
AT00884,M0180,2025-11-16,Sunday service
AT00885,M0182,2025-11-16,Sunday service
AT00886,M0183,2025-11-16,Sunday service
AT00887,M0185,2025-11-16,Sunday service
AT00888,M0187,2025-11-16,Sunday service
AT00889,M0188,2025-11-16,Sunday service
AT00890,M0189,2025-11-16,Sunday service
AT00891,M0190,2025-11-16,Sunday service
AT00892,M0191,2025-11-16,Sunday service
AT00893,M0193,2025-11-16,Sunday service
AT00894,M0194,2025-11-16,Sunday service
AT00895,M0196,2025-11-16,Sunday service
AT00896,M0197,2025-11-16,Sunday service
AT00897,M0198,2025-11-16,Sunday service
AT00898,M0200,2025-11-16,Sunday service
AT00899,M0202,2025-11-16,Sunday service
AT00900,M0204,2025-11-16,Sunday service
AT00901,M0205,2025-11-16,Sunday service
AT00902,M0208,2025-11-16,Sunday service
AT00903,M0209,2025-11-16,Sunday service
AT00904,M0210,2025-11-16,Sunday service
AT00905,M0214,2025-11-16,Sunday service
AT00906,M0215,2025-11-16,Sunday service
AT00907,M0216,2025-11-16,Sunday service
AT00908,M0217,2025-11-16,Sunday service
AT00909,M0218,2025-11-16,Sunday service
AT00910,M0219,2025-11-16,Sunday service
AT00911,M0220,2025-11-16,Sunday service
AT00912,M0221,2025-11-16,Sunday service
AT00913,M0225,2025-11-16,Sunday service
AT00914,M0226,2025-11-16,Sunday service
AT00915,M0229,2025-11-16,Sunday service
AT00916,M0230,2025-11-16,Sunday service
AT00917,M0232,2025-11-16,Sunday service
AT00918,M0234,2025-11-16,Sunday service
AT00919,M0235,2025-11-16,Sunday service
AT00920,M0236,2025-11-16,Sunday service
AT00921,M0238,2025-11-16,Sunday service
AT00922,M0239,2025-11-16,Sunday service
AT00923,M0001,2025-11-23,Sunday service
AT00924,M0002,2025-11-23,Sunday service
AT00925,M0003,2025-11-23,Sunday service
AT00926,M0004,2025-11-23,Sunday service
AT00927,M0006,2025-11-23,Sunday service
AT00928,M0007,2025-11-23,Sunday service
AT00929,M0008,2025-11-23,Sunday service
AT00930,M0010,2025-11-23,Sunday service
AT00931,M0011,2025-11-23,Sunday service
AT00932,M0012,2025-11-23,Sunday service
AT00933,M0013,2025-11-23,Sunday service
AT00934,M0016,2025-11-23,Sunday service
AT00935,M0017,2025-11-23,Sunday service
AT00936,M0023,2025-11-23,Sunday service
AT00937,M0025,2025-11-23,Sunday service
AT00938,M0026,2025-11-23,Sunday service
AT00939,M0027,2025-11-23,Sunday service
AT00940,M0030,2025-11-23,Sunday service
AT00941,M0031,2025-11-23,Sunday service
AT00942,M0032,2025-11-23,Sunday service
AT00943,M0033,2025-11-23,Sunday service
AT00944,M0034,2025-11-23,Sunday service
AT00945,M0036,2025-11-23,Sunday service
AT00946,M0037,2025-11-23,Sunday service
AT00947,M0038,2025-11-23,Sunday service
AT00948,M0039,2025-11-23,Sunday service
AT00949,M0044,2025-11-23,Sunday service
AT00950,M0049,2025-11-23,Sunday service
AT00951,M0051,2025-11-23,Sunday service
AT00952,M0055,2025-11-23,Sunday service
AT00953,M0056,2025-11-23,Sunday service
AT00954,M0058,2025-11-23,Sunday service
AT00955,M0059,2025-11-23,Sunday service
AT00956,M0060,2025-11-23,Sunday service
AT00957,M0061,2025-11-23,Sunday service
AT00958,M0062,2025-11-23,Sunday service
AT00959,M0063,2025-11-23,Sunday service
AT00960,M0065,2025-11-23,Sunday service
AT00961,M0067,2025-11-23,Sunday service
AT00962,M0070,2025-11-23,Sunday service
AT00963,M0071,2025-11-23,Sunday service
AT00964,M0073,2025-11-23,Sunday service
AT00965,M0074,2025-11-23,Sunday service
AT00966,M0075,2025-11-23,Sunday service
AT00967,M0076,2025-11-23,Sunday service
AT00968,M0077,2025-11-23,Sunday service
AT00969,M0078,2025-11-23,Sunday service
AT00970,M0080,2025-11-23,Sunday service
AT00971,M0082,2025-11-23,Sunday service
AT00972,M0083,2025-11-23,Sunday service
AT00973,M0084,2025-11-23,Sunday service
AT00974,M0085,2025-11-23,Sunday service
AT00975,M0086,2025-11-23,Sunday service
AT00976,M0088,2025-11-23,Sunday service
AT00977,M0092,2025-11-23,Sunday service
AT00978,M0093,2025-11-23,Sunday service
AT00979,M0095,2025-11-23,Sunday service
AT00980,M0097,2025-11-23,Sunday service
AT00981,M0099,2025-11-23,Sunday service
AT00982,M0103,2025-11-23,Sunday service
AT00983,M0104,2025-11-23,Sunday service
AT00984,M0106,2025-11-23,Sunday service
AT00985,M0107,2025-11-23,Sunday service
AT00986,M0108,2025-11-23,Sunday service
AT00987,M0109,2025-11-23,Sunday service
AT00988,M0111,2025-11-23,Sunday service
AT00989,M0113,2025-11-23,Sunday service
AT00990,M0114,2025-11-23,Sunday service
AT00991,M0115,2025-11-23,Sunday service
AT00992,M0116,2025-11-23,Sunday service
AT00993,M0118,2025-11-23,Sunday service
AT00994,M0119,2025-11-23,Sunday service
AT00995,M0121,2025-11-23,Sunday service
AT00996,M0123,2025-11-23,Sunday service
AT00997,M0124,2025-11-23,Sunday service
AT00998,M0126,2025-11-23,Sunday service
AT00999,M0128,2025-11-23,Sunday service
AT01000,M0129,2025-11-23,Sunday service
AT01001,M0130,2025-11-23,Sunday service
AT01002,M0131,2025-11-23,Sunday service
AT01003,M0137,2025-11-23,Sunday service
AT01004,M0138,2025-11-23,Sunday service
AT01005,M0139,2025-11-23,Sunday service
AT01006,M0140,2025-11-23,Sunday service
AT01007,M0142,2025-11-23,Sunday service
AT01008,M0147,2025-11-23,Sunday service
AT01009,M0150,2025-11-23,Sunday service
AT01010,M0153,2025-11-23,Sunday service
AT01011,M0156,2025-11-23,Sunday service
AT01012,M0157,2025-11-23,Sunday service
AT01013,M0158,2025-11-23,Sunday service
AT01014,M0160,2025-11-23,Sunday service
AT01015,M0162,2025-11-23,Sunday service
AT01016,M0163,2025-11-23,Sunday service
AT01017,M0164,2025-11-23,Sunday service
AT01018,M0165,2025-11-23,Sunday service
AT01019,M0168,2025-11-23,Sunday service
AT01020,M0169,2025-11-23,Sunday service
AT01021,M0170,2025-11-23,Sunday service
AT01022,M0174,2025-11-23,Sunday service
AT01023,M0175,2025-11-23,Sunday service
AT01024,M0176,2025-11-23,Sunday service
AT01025,M0177,2025-11-23,Sunday service
AT01026,M0178,2025-11-23,Sunday service
AT01027,M0180,2025-11-23,Sunday service
AT01028,M0182,2025-11-23,Sunday service
AT01029,M0183,2025-11-23,Sunday service
AT01030,M0186,2025-11-23,Sunday service
AT01031,M0187,2025-11-23,Sunday service
AT01032,M0188,2025-11-23,Sunday service
AT01033,M0189,2025-11-23,Sunday service
AT01034,M0191,2025-11-23,Sunday service
AT01035,M0193,2025-11-23,Sunday service
AT01036,M0196,2025-11-23,Sunday service
AT01037,M0198,2025-11-23,Sunday service
AT01038,M0201,2025-11-23,Sunday service
AT01039,M0204,2025-11-23,Sunday service
AT01040,M0206,2025-11-23,Sunday service
AT01041,M0208,2025-11-23,Sunday service
AT01042,M0213,2025-11-23,Sunday service
AT01043,M0214,2025-11-23,Sunday service
AT01044,M0215,2025-11-23,Sunday service
AT01045,M0216,2025-11-23,Sunday service
AT01046,M0217,2025-11-23,Sunday service
AT01047,M0218,2025-11-23,Sunday service
AT01048,M0219,2025-11-23,Sunday service
AT01049,M0220,2025-11-23,Sunday service
AT01050,M0221,2025-11-23,Sunday service
AT01051,M0224,2025-11-23,Sunday service
AT01052,M0225,2025-11-23,Sunday service
AT01053,M0226,2025-11-23,Sunday service
AT01054,M0228,2025-11-23,Sunday service
AT01055,M0229,2025-11-23,Sunday service
AT01056,M0230,2025-11-23,Sunday service
AT01057,M0234,2025-11-23,Sunday service
AT01058,M0235,2025-11-23,Sunday service
AT01059,M0236,2025-11-23,Sunday service
AT01060,M0237,2025-11-23,Sunday service
AT01061,M0238,2025-11-23,Sunday service
AT01062,M0240,2025-11-23,Sunday service
AT01063,M0001,2025-11-30,Sunday service
AT01064,M0002,2025-11-30,Sunday service
AT01065,M0003,2025-11-30,Sunday service
AT01066,M0004,2025-11-30,Sunday service
AT01067,M0007,2025-11-30,Sunday service
AT01068,M0008,2025-11-30,Sunday service
AT01069,M0011,2025-11-30,Sunday service
AT01070,M0012,2025-11-30,Sunday service
AT01071,M0014,2025-11-30,Sunday service
AT01072,M0015,2025-11-30,Sunday service
AT01073,M0016,2025-11-30,Sunday service
AT01074,M0017,2025-11-30,Sunday service
AT01075,M0018,2025-11-30,Sunday service
AT01076,M0021,2025-11-30,Sunday service
AT01077,M0023,2025-11-30,Sunday service
AT01078,M0026,2025-11-30,Sunday service
AT01079,M0027,2025-11-30,Sunday service
AT01080,M0031,2025-11-30,Sunday service
AT01081,M0032,2025-11-30,Sunday service
AT01082,M0033,2025-11-30,Sunday service
AT01083,M0036,2025-11-30,Sunday service
AT01084,M0037,2025-11-30,Sunday service
AT01085,M0038,2025-11-30,Sunday service
AT01086,M0039,2025-11-30,Sunday service
AT01087,M0040,2025-11-30,Sunday service
AT01088,M0042,2025-11-30,Sunday service
AT01089,M0044,2025-11-30,Sunday service
AT01090,M0045,2025-11-30,Sunday service
AT01091,M0048,2025-11-30,Sunday service
AT01092,M0053,2025-11-30,Sunday service
AT01093,M0056,2025-11-30,Sunday service
AT01094,M0058,2025-11-30,Sunday service
AT01095,M0059,2025-11-30,Sunday service
AT01096,M0061,2025-11-30,Sunday service
AT01097,M0062,2025-11-30,Sunday service
AT01098,M0063,2025-11-30,Sunday service
AT01099,M0070,2025-11-30,Sunday service
AT01100,M0071,2025-11-30,Sunday service
AT01101,M0073,2025-11-30,Sunday service
AT01102,M0074,2025-11-30,Sunday service
AT01103,M0075,2025-11-30,Sunday service
AT01104,M0076,2025-11-30,Sunday service
AT01105,M0077,2025-11-30,Sunday service
AT01106,M0078,2025-11-30,Sunday service
AT01107,M0083,2025-11-30,Sunday service
AT01108,M0085,2025-11-30,Sunday service
AT01109,M0091,2025-11-30,Sunday service
AT01110,M0092,2025-11-30,Sunday service
AT01111,M0093,2025-11-30,Sunday service
AT01112,M0094,2025-11-30,Sunday service
AT01113,M0095,2025-11-30,Sunday service
AT01114,M0097,2025-11-30,Sunday service
AT01115,M0099,2025-11-30,Sunday service
AT01116,M0103,2025-11-30,Sunday service
AT01117,M0104,2025-11-30,Sunday service
AT01118,M0105,2025-11-30,Sunday service
AT01119,M0106,2025-11-30,Sunday service
AT01120,M0107,2025-11-30,Sunday service
AT01121,M0113,2025-11-30,Sunday service
AT01122,M0114,2025-11-30,Sunday service
AT01123,M0115,2025-11-30,Sunday service
AT01124,M0118,2025-11-30,Sunday service
AT01125,M0119,2025-11-30,Sunday service
AT01126,M0121,2025-11-30,Sunday service
AT01127,M0123,2025-11-30,Sunday service
AT01128,M0124,2025-11-30,Sunday service
AT01129,M0126,2025-11-30,Sunday service
AT01130,M0130,2025-11-30,Sunday service
AT01131,M0131,2025-11-30,Sunday service
AT01132,M0134,2025-11-30,Sunday service
AT01133,M0136,2025-11-30,Sunday service
AT01134,M0137,2025-11-30,Sunday service
AT01135,M0138,2025-11-30,Sunday service
AT01136,M0139,2025-11-30,Sunday service
AT01137,M0140,2025-11-30,Sunday service
AT01138,M0143,2025-11-30,Sunday service
AT01139,M0144,2025-11-30,Sunday service
AT01140,M0147,2025-11-30,Sunday service
AT01141,M0148,2025-11-30,Sunday service
AT01142,M0150,2025-11-30,Sunday service
AT01143,M0151,2025-11-30,Sunday service
AT01144,M0153,2025-11-30,Sunday service
AT01145,M0154,2025-11-30,Sunday service
AT01146,M0155,2025-11-30,Sunday service
AT01147,M0156,2025-11-30,Sunday service
AT01148,M0157,2025-11-30,Sunday service
AT01149,M0158,2025-11-30,Sunday service
AT01150,M0160,2025-11-30,Sunday service
AT01151,M0167,2025-11-30,Sunday service
AT01152,M0168,2025-11-30,Sunday service
AT01153,M0170,2025-11-30,Sunday service
AT01154,M0174,2025-11-30,Sunday service
AT01155,M0175,2025-11-30,Sunday service
AT01156,M0177,2025-11-30,Sunday service
AT01157,M0180,2025-11-30,Sunday service
AT01158,M0185,2025-11-30,Sunday service
AT01159,M0186,2025-11-30,Sunday service
AT01160,M0187,2025-11-30,Sunday service
AT01161,M0188,2025-11-30,Sunday service
AT01162,M0190,2025-11-30,Sunday service
AT01163,M0193,2025-11-30,Sunday service
AT01164,M0194,2025-11-30,Sunday service
AT01165,M0196,2025-11-30,Sunday service
AT01166,M0197,2025-11-30,Sunday service
AT01167,M0198,2025-11-30,Sunday service
AT01168,M0201,2025-11-30,Sunday service
AT01169,M0205,2025-11-30,Sunday service
AT01170,M0206,2025-11-30,Sunday service
AT01171,M0208,2025-11-30,Sunday service
AT01172,M0209,2025-11-30,Sunday service
AT01173,M0213,2025-11-30,Sunday service
AT01174,M0214,2025-11-30,Sunday service
AT01175,M0215,2025-11-30,Sunday service
AT01176,M0216,2025-11-30,Sunday service
AT01177,M0217,2025-11-30,Sunday service
AT01178,M0218,2025-11-30,Sunday service
AT01179,M0219,2025-11-30,Sunday service
AT01180,M0220,2025-11-30,Sunday service
AT01181,M0224,2025-11-30,Sunday service
AT01182,M0225,2025-11-30,Sunday service
AT01183,M0228,2025-11-30,Sunday service
AT01184,M0229,2025-11-30,Sunday service
AT01185,M0230,2025-11-30,Sunday service
AT01186,M0231,2025-11-30,Sunday service
AT01187,M0232,2025-11-30,Sunday service
AT01188,M0234,2025-11-30,Sunday service
AT01189,M0235,2025-11-30,Sunday service
AT01190,M0236,2025-11-30,Sunday service
AT01191,M0237,2025-11-30,Sunday service
AT01192,M0238,2025-11-30,Sunday service
AT01193,M0240,2025-11-30,Sunday service
AT01194,M0001,2025-12-07,Sunday service
AT01195,M0003,2025-12-07,Sunday service
AT01196,M0004,2025-12-07,Sunday service
AT01197,M0006,2025-12-07,Sunday service
AT01198,M0008,2025-12-07,Sunday service
AT01199,M0011,2025-12-07,Sunday service
AT01200,M0012,2025-12-07,Sunday service
AT01201,M0013,2025-12-07,Sunday service
AT01202,M0014,2025-12-07,Sunday service
AT01203,M0015,2025-12-07,Sunday service
AT01204,M0016,2025-12-07,Sunday service
AT01205,M0017,2025-12-07,Sunday service
AT01206,M0018,2025-12-07,Sunday service
AT01207,M0019,2025-12-07,Sunday service
AT01208,M0021,2025-12-07,Sunday service
AT01209,M0026,2025-12-07,Sunday service
AT01210,M0027,2025-12-07,Sunday service
AT01211,M0030,2025-12-07,Sunday service
AT01212,M0031,2025-12-07,Sunday service
AT01213,M0033,2025-12-07,Sunday service
AT01214,M0035,2025-12-07,Sunday service
AT01215,M0036,2025-12-07,Sunday service
AT01216,M0038,2025-12-07,Sunday service
AT01217,M0039,2025-12-07,Sunday service
AT01218,M0040,2025-12-07,Sunday service
AT01219,M0044,2025-12-07,Sunday service
AT01220,M0046,2025-12-07,Sunday service
AT01221,M0048,2025-12-07,Sunday service
AT01222,M0049,2025-12-07,Sunday service
AT01223,M0051,2025-12-07,Sunday service
AT01224,M0055,2025-12-07,Sunday service
AT01225,M0056,2025-12-07,Sunday service
AT01226,M0057,2025-12-07,Sunday service
AT01227,M0058,2025-12-07,Sunday service
AT01228,M0059,2025-12-07,Sunday service
AT01229,M0060,2025-12-07,Sunday service
AT01230,M0061,2025-12-07,Sunday service
AT01231,M0062,2025-12-07,Sunday service
AT01232,M0063,2025-12-07,Sunday service
AT01233,M0069,2025-12-07,Sunday service
AT01234,M0071,2025-12-07,Sunday service
AT01235,M0073,2025-12-07,Sunday service
AT01236,M0074,2025-12-07,Sunday service
AT01237,M0075,2025-12-07,Sunday service
AT01238,M0076,2025-12-07,Sunday service
AT01239,M0077,2025-12-07,Sunday service
AT01240,M0079,2025-12-07,Sunday service
AT01241,M0080,2025-12-07,Sunday service
AT01242,M0083,2025-12-07,Sunday service
AT01243,M0084,2025-12-07,Sunday service
AT01244,M0085,2025-12-07,Sunday service
AT01245,M0086,2025-12-07,Sunday service
AT01246,M0092,2025-12-07,Sunday service
AT01247,M0093,2025-12-07,Sunday service
AT01248,M0094,2025-12-07,Sunday service
AT01249,M0097,2025-12-07,Sunday service
AT01250,M0099,2025-12-07,Sunday service
AT01251,M0103,2025-12-07,Sunday service
AT01252,M0104,2025-12-07,Sunday service
AT01253,M0105,2025-12-07,Sunday service
AT01254,M0106,2025-12-07,Sunday service
AT01255,M0107,2025-12-07,Sunday service
AT01256,M0109,2025-12-07,Sunday service
AT01257,M0113,2025-12-07,Sunday service
AT01258,M0114,2025-12-07,Sunday service
AT01259,M0116,2025-12-07,Sunday service
AT01260,M0118,2025-12-07,Sunday service
AT01261,M0119,2025-12-07,Sunday service
AT01262,M0121,2025-12-07,Sunday service
AT01263,M0123,2025-12-07,Sunday service
AT01264,M0124,2025-12-07,Sunday service
AT01265,M0126,2025-12-07,Sunday service
AT01266,M0128,2025-12-07,Sunday service
AT01267,M0130,2025-12-07,Sunday service
AT01268,M0131,2025-12-07,Sunday service
AT01269,M0136,2025-12-07,Sunday service
AT01270,M0138,2025-12-07,Sunday service
AT01271,M0139,2025-12-07,Sunday service
AT01272,M0140,2025-12-07,Sunday service
AT01273,M0141,2025-12-07,Sunday service
AT01274,M0143,2025-12-07,Sunday service
AT01275,M0150,2025-12-07,Sunday service
AT01276,M0151,2025-12-07,Sunday service
AT01277,M0153,2025-12-07,Sunday service
AT01278,M0155,2025-12-07,Sunday service
AT01279,M0156,2025-12-07,Sunday service
AT01280,M0157,2025-12-07,Sunday service
AT01281,M0158,2025-12-07,Sunday service
AT01282,M0160,2025-12-07,Sunday service
AT01283,M0164,2025-12-07,Sunday service
AT01284,M0165,2025-12-07,Sunday service
AT01285,M0166,2025-12-07,Sunday service
AT01286,M0167,2025-12-07,Sunday service
AT01287,M0168,2025-12-07,Sunday service
AT01288,M0169,2025-12-07,Sunday service
AT01289,M0170,2025-12-07,Sunday service
AT01290,M0171,2025-12-07,Sunday service
AT01291,M0174,2025-12-07,Sunday service
AT01292,M0175,2025-12-07,Sunday service
AT01293,M0176,2025-12-07,Sunday service
AT01294,M0177,2025-12-07,Sunday service
AT01295,M0178,2025-12-07,Sunday service
AT01296,M0180,2025-12-07,Sunday service
AT01297,M0181,2025-12-07,Sunday service
AT01298,M0183,2025-12-07,Sunday service
AT01299,M0185,2025-12-07,Sunday service
AT01300,M0186,2025-12-07,Sunday service
AT01301,M0187,2025-12-07,Sunday service
AT01302,M0188,2025-12-07,Sunday service
AT01303,M0190,2025-12-07,Sunday service
AT01304,M0193,2025-12-07,Sunday service
AT01305,M0195,2025-12-07,Sunday service
AT01306,M0197,2025-12-07,Sunday service
AT01307,M0198,2025-12-07,Sunday service
AT01308,M0200,2025-12-07,Sunday service
AT01309,M0201,2025-12-07,Sunday service
AT01310,M0204,2025-12-07,Sunday service
AT01311,M0205,2025-12-07,Sunday service
AT01312,M0207,2025-12-07,Sunday service
AT01313,M0208,2025-12-07,Sunday service
AT01314,M0209,2025-12-07,Sunday service
AT01315,M0210,2025-12-07,Sunday service
AT01316,M0213,2025-12-07,Sunday service
AT01317,M0214,2025-12-07,Sunday service
AT01318,M0215,2025-12-07,Sunday service
AT01319,M0217,2025-12-07,Sunday service
AT01320,M0218,2025-12-07,Sunday service
AT01321,M0219,2025-12-07,Sunday service
AT01322,M0220,2025-12-07,Sunday service
AT01323,M0221,2025-12-07,Sunday service
AT01324,M0224,2025-12-07,Sunday service
AT01325,M0225,2025-12-07,Sunday service
AT01326,M0228,2025-12-07,Sunday service
AT01327,M0229,2025-12-07,Sunday service
AT01328,M0230,2025-12-07,Sunday service
AT01329,M0232,2025-12-07,Sunday service
AT01330,M0234,2025-12-07,Sunday service
AT01331,M0235,2025-12-07,Sunday service
AT01332,M0236,2025-12-07,Sunday service
AT01333,M0237,2025-12-07,Sunday service
AT01334,M0238,2025-12-07,Sunday service
AT01335,M0240,2025-12-07,Sunday service
AT01336,M0001,2025-12-14,Sunday service
AT01337,M0002,2025-12-14,Sunday service
AT01338,M0003,2025-12-14,Sunday service
AT01339,M0004,2025-12-14,Sunday service
AT01340,M0006,2025-12-14,Sunday service
AT01341,M0008,2025-12-14,Sunday service
AT01342,M0010,2025-12-14,Sunday service
AT01343,M0011,2025-12-14,Sunday service
AT01344,M0012,2025-12-14,Sunday service
AT01345,M0013,2025-12-14,Sunday service
AT01346,M0015,2025-12-14,Sunday service
AT01347,M0017,2025-12-14,Sunday service
AT01348,M0018,2025-12-14,Sunday service
AT01349,M0021,2025-12-14,Sunday service
AT01350,M0022,2025-12-14,Sunday service
AT01351,M0023,2025-12-14,Sunday service
AT01352,M0026,2025-12-14,Sunday service
AT01353,M0027,2025-12-14,Sunday service
AT01354,M0030,2025-12-14,Sunday service
AT01355,M0031,2025-12-14,Sunday service
AT01356,M0032,2025-12-14,Sunday service
AT01357,M0033,2025-12-14,Sunday service
AT01358,M0034,2025-12-14,Sunday service
AT01359,M0036,2025-12-14,Sunday service
AT01360,M0037,2025-12-14,Sunday service
AT01361,M0038,2025-12-14,Sunday service
AT01362,M0039,2025-12-14,Sunday service
AT01363,M0040,2025-12-14,Sunday service
AT01364,M0042,2025-12-14,Sunday service
AT01365,M0044,2025-12-14,Sunday service
AT01366,M0045,2025-12-14,Sunday service
AT01367,M0046,2025-12-14,Sunday service
AT01368,M0047,2025-12-14,Sunday service
AT01369,M0048,2025-12-14,Sunday service
AT01370,M0051,2025-12-14,Sunday service
AT01371,M0055,2025-12-14,Sunday service
AT01372,M0056,2025-12-14,Sunday service
AT01373,M0057,2025-12-14,Sunday service
AT01374,M0058,2025-12-14,Sunday service
AT01375,M0060,2025-12-14,Sunday service
AT01376,M0064,2025-12-14,Sunday service
AT01377,M0067,2025-12-14,Sunday service
AT01378,M0069,2025-12-14,Sunday service
AT01379,M0070,2025-12-14,Sunday service
AT01380,M0071,2025-12-14,Sunday service
AT01381,M0073,2025-12-14,Sunday service
AT01382,M0074,2025-12-14,Sunday service
AT01383,M0075,2025-12-14,Sunday service
AT01384,M0076,2025-12-14,Sunday service
AT01385,M0077,2025-12-14,Sunday service
AT01386,M0078,2025-12-14,Sunday service
AT01387,M0080,2025-12-14,Sunday service
AT01388,M0082,2025-12-14,Sunday service
AT01389,M0083,2025-12-14,Sunday service
AT01390,M0084,2025-12-14,Sunday service
AT01391,M0086,2025-12-14,Sunday service
AT01392,M0088,2025-12-14,Sunday service
AT01393,M0092,2025-12-14,Sunday service
AT01394,M0093,2025-12-14,Sunday service
AT01395,M0097,2025-12-14,Sunday service
AT01396,M0098,2025-12-14,Sunday service
AT01397,M0099,2025-12-14,Sunday service
AT01398,M0103,2025-12-14,Sunday service
AT01399,M0104,2025-12-14,Sunday service
AT01400,M0105,2025-12-14,Sunday service
AT01401,M0109,2025-12-14,Sunday service
AT01402,M0111,2025-12-14,Sunday service
AT01403,M0112,2025-12-14,Sunday service
AT01404,M0113,2025-12-14,Sunday service
AT01405,M0114,2025-12-14,Sunday service
AT01406,M0115,2025-12-14,Sunday service
AT01407,M0116,2025-12-14,Sunday service
AT01408,M0118,2025-12-14,Sunday service
AT01409,M0121,2025-12-14,Sunday service
AT01410,M0124,2025-12-14,Sunday service
AT01411,M0125,2025-12-14,Sunday service
AT01412,M0126,2025-12-14,Sunday service
AT01413,M0127,2025-12-14,Sunday service
AT01414,M0128,2025-12-14,Sunday service
AT01415,M0137,2025-12-14,Sunday service
AT01416,M0138,2025-12-14,Sunday service
AT01417,M0139,2025-12-14,Sunday service
AT01418,M0140,2025-12-14,Sunday service
AT01419,M0143,2025-12-14,Sunday service
AT01420,M0144,2025-12-14,Sunday service
AT01421,M0147,2025-12-14,Sunday service
AT01422,M0150,2025-12-14,Sunday service
AT01423,M0153,2025-12-14,Sunday service
AT01424,M0154,2025-12-14,Sunday service
AT01425,M0156,2025-12-14,Sunday service
AT01426,M0158,2025-12-14,Sunday service
AT01427,M0160,2025-12-14,Sunday service
AT01428,M0165,2025-12-14,Sunday service
AT01429,M0167,2025-12-14,Sunday service
AT01430,M0168,2025-12-14,Sunday service
AT01431,M0171,2025-12-14,Sunday service
AT01432,M0174,2025-12-14,Sunday service
AT01433,M0175,2025-12-14,Sunday service
AT01434,M0177,2025-12-14,Sunday service
AT01435,M0178,2025-12-14,Sunday service
AT01436,M0180,2025-12-14,Sunday service
AT01437,M0185,2025-12-14,Sunday service
AT01438,M0186,2025-12-14,Sunday service
AT01439,M0188,2025-12-14,Sunday service
AT01440,M0189,2025-12-14,Sunday service
AT01441,M0190,2025-12-14,Sunday service
AT01442,M0191,2025-12-14,Sunday service
AT01443,M0193,2025-12-14,Sunday service
AT01444,M0194,2025-12-14,Sunday service
AT01445,M0195,2025-12-14,Sunday service
AT01446,M0197,2025-12-14,Sunday service
AT01447,M0198,2025-12-14,Sunday service
AT01448,M0200,2025-12-14,Sunday service
AT01449,M0201,2025-12-14,Sunday service
AT01450,M0204,2025-12-14,Sunday service
AT01451,M0206,2025-12-14,Sunday service
AT01452,M0207,2025-12-14,Sunday service
AT01453,M0208,2025-12-14,Sunday service
AT01454,M0209,2025-12-14,Sunday service
AT01455,M0210,2025-12-14,Sunday service
AT01456,M0213,2025-12-14,Sunday service
AT01457,M0215,2025-12-14,Sunday service
AT01458,M0216,2025-12-14,Sunday service
AT01459,M0219,2025-12-14,Sunday service
AT01460,M0220,2025-12-14,Sunday service
AT01461,M0221,2025-12-14,Sunday service
AT01462,M0225,2025-12-14,Sunday service
AT01463,M0226,2025-12-14,Sunday service
AT01464,M0229,2025-12-14,Sunday service
AT01465,M0230,2025-12-14,Sunday service
AT01466,M0231,2025-12-14,Sunday service
AT01467,M0232,2025-12-14,Sunday service
AT01468,M0234,2025-12-14,Sunday service
AT01469,M0235,2025-12-14,Sunday service
AT01470,M0236,2025-12-14,Sunday service
AT01471,M0237,2025-12-14,Sunday service
AT01472,M0240,2025-12-14,Sunday service
AT01473,M0001,2025-12-21,Sunday service
AT01474,M0002,2025-12-21,Sunday service
AT01475,M0003,2025-12-21,Sunday service
AT01476,M0004,2025-12-21,Sunday service
AT01477,M0005,2025-12-21,Sunday service
AT01478,M0006,2025-12-21,Sunday service
AT01479,M0007,2025-12-21,Sunday service
AT01480,M0008,2025-12-21,Sunday service
AT01481,M0010,2025-12-21,Sunday service
AT01482,M0015,2025-12-21,Sunday service
AT01483,M0016,2025-12-21,Sunday service
AT01484,M0017,2025-12-21,Sunday service
AT01485,M0019,2025-12-21,Sunday service
AT01486,M0022,2025-12-21,Sunday service
AT01487,M0026,2025-12-21,Sunday service
AT01488,M0031,2025-12-21,Sunday service
AT01489,M0033,2025-12-21,Sunday service
AT01490,M0035,2025-12-21,Sunday service
AT01491,M0037,2025-12-21,Sunday service
AT01492,M0038,2025-12-21,Sunday service
AT01493,M0040,2025-12-21,Sunday service
AT01494,M0044,2025-12-21,Sunday service
AT01495,M0046,2025-12-21,Sunday service
AT01496,M0048,2025-12-21,Sunday service
AT01497,M0049,2025-12-21,Sunday service
AT01498,M0055,2025-12-21,Sunday service
AT01499,M0056,2025-12-21,Sunday service
AT01500,M0059,2025-12-21,Sunday service
AT01501,M0060,2025-12-21,Sunday service
AT01502,M0062,2025-12-21,Sunday service
AT01503,M0063,2025-12-21,Sunday service
AT01504,M0069,2025-12-21,Sunday service
AT01505,M0070,2025-12-21,Sunday service
AT01506,M0071,2025-12-21,Sunday service
AT01507,M0075,2025-12-21,Sunday service
AT01508,M0076,2025-12-21,Sunday service
AT01509,M0077,2025-12-21,Sunday service
AT01510,M0078,2025-12-21,Sunday service
AT01511,M0079,2025-12-21,Sunday service
AT01512,M0080,2025-12-21,Sunday service
AT01513,M0083,2025-12-21,Sunday service
AT01514,M0084,2025-12-21,Sunday service
AT01515,M0085,2025-12-21,Sunday service
AT01516,M0086,2025-12-21,Sunday service
AT01517,M0088,2025-12-21,Sunday service
AT01518,M0092,2025-12-21,Sunday service
AT01519,M0093,2025-12-21,Sunday service
AT01520,M0095,2025-12-21,Sunday service
AT01521,M0099,2025-12-21,Sunday service
AT01522,M0100,2025-12-21,Sunday service
AT01523,M0101,2025-12-21,Sunday service
AT01524,M0102,2025-12-21,Sunday service
AT01525,M0103,2025-12-21,Sunday service
AT01526,M0105,2025-12-21,Sunday service
AT01527,M0106,2025-12-21,Sunday service
AT01528,M0111,2025-12-21,Sunday service
AT01529,M0112,2025-12-21,Sunday service
AT01530,M0113,2025-12-21,Sunday service
AT01531,M0115,2025-12-21,Sunday service
AT01532,M0116,2025-12-21,Sunday service
AT01533,M0118,2025-12-21,Sunday service
AT01534,M0119,2025-12-21,Sunday service
AT01535,M0121,2025-12-21,Sunday service
AT01536,M0123,2025-12-21,Sunday service
AT01537,M0126,2025-12-21,Sunday service
AT01538,M0130,2025-12-21,Sunday service
AT01539,M0140,2025-12-21,Sunday service
AT01540,M0143,2025-12-21,Sunday service
AT01541,M0144,2025-12-21,Sunday service
AT01542,M0145,2025-12-21,Sunday service
AT01543,M0147,2025-12-21,Sunday service
AT01544,M0151,2025-12-21,Sunday service
AT01545,M0153,2025-12-21,Sunday service
AT01546,M0154,2025-12-21,Sunday service
AT01547,M0155,2025-12-21,Sunday service
AT01548,M0156,2025-12-21,Sunday service
AT01549,M0158,2025-12-21,Sunday service
AT01550,M0160,2025-12-21,Sunday service
AT01551,M0161,2025-12-21,Sunday service
AT01552,M0163,2025-12-21,Sunday service
AT01553,M0164,2025-12-21,Sunday service
AT01554,M0165,2025-12-21,Sunday service
AT01555,M0166,2025-12-21,Sunday service
AT01556,M0168,2025-12-21,Sunday service
AT01557,M0171,2025-12-21,Sunday service
AT01558,M0174,2025-12-21,Sunday service
AT01559,M0175,2025-12-21,Sunday service
AT01560,M0176,2025-12-21,Sunday service
AT01561,M0177,2025-12-21,Sunday service
AT01562,M0181,2025-12-21,Sunday service
AT01563,M0185,2025-12-21,Sunday service
AT01564,M0186,2025-12-21,Sunday service
AT01565,M0187,2025-12-21,Sunday service
AT01566,M0188,2025-12-21,Sunday service
AT01567,M0189,2025-12-21,Sunday service
AT01568,M0190,2025-12-21,Sunday service
AT01569,M0191,2025-12-21,Sunday service
AT01570,M0195,2025-12-21,Sunday service
AT01571,M0196,2025-12-21,Sunday service
AT01572,M0200,2025-12-21,Sunday service
AT01573,M0202,2025-12-21,Sunday service
AT01574,M0204,2025-12-21,Sunday service
AT01575,M0206,2025-12-21,Sunday service
AT01576,M0207,2025-12-21,Sunday service
AT01577,M0208,2025-12-21,Sunday service
AT01578,M0209,2025-12-21,Sunday service
AT01579,M0210,2025-12-21,Sunday service
AT01580,M0213,2025-12-21,Sunday service
AT01581,M0214,2025-12-21,Sunday service
AT01582,M0215,2025-12-21,Sunday service
AT01583,M0216,2025-12-21,Sunday service
AT01584,M0217,2025-12-21,Sunday service
AT01585,M0218,2025-12-21,Sunday service
AT01586,M0219,2025-12-21,Sunday service
AT01587,M0220,2025-12-21,Sunday service
AT01588,M0221,2025-12-21,Sunday service
AT01589,M0225,2025-12-21,Sunday service
AT01590,M0229,2025-12-21,Sunday service
AT01591,M0232,2025-12-21,Sunday service
AT01592,M0234,2025-12-21,Sunday service
AT01593,M0235,2025-12-21,Sunday service
AT01594,M0236,2025-12-21,Sunday service
AT01595,M0237,2025-12-21,Sunday service
AT01596,M0238,2025-12-21,Sunday service
AT01597,M0240,2025-12-21,Sunday service
AT01598,M0002,2025-12-28,Sunday service
AT01599,M0003,2025-12-28,Sunday service
AT01600,M0006,2025-12-28,Sunday service
AT01601,M0008,2025-12-28,Sunday service
AT01602,M0009,2025-12-28,Sunday service
AT01603,M0010,2025-12-28,Sunday service
AT01604,M0011,2025-12-28,Sunday service
AT01605,M0012,2025-12-28,Sunday service
AT01606,M0014,2025-12-28,Sunday service
AT01607,M0015,2025-12-28,Sunday service
AT01608,M0016,2025-12-28,Sunday service
AT01609,M0017,2025-12-28,Sunday service
AT01610,M0018,2025-12-28,Sunday service
AT01611,M0023,2025-12-28,Sunday service
AT01612,M0026,2025-12-28,Sunday service
AT01613,M0030,2025-12-28,Sunday service
AT01614,M0031,2025-12-28,Sunday service
AT01615,M0032,2025-12-28,Sunday service
AT01616,M0033,2025-12-28,Sunday service
AT01617,M0034,2025-12-28,Sunday service
AT01618,M0036,2025-12-28,Sunday service
AT01619,M0037,2025-12-28,Sunday service
AT01620,M0038,2025-12-28,Sunday service
AT01621,M0039,2025-12-28,Sunday service
AT01622,M0040,2025-12-28,Sunday service
AT01623,M0042,2025-12-28,Sunday service
AT01624,M0044,2025-12-28,Sunday service
AT01625,M0045,2025-12-28,Sunday service
AT01626,M0048,2025-12-28,Sunday service
AT01627,M0049,2025-12-28,Sunday service
AT01628,M0051,2025-12-28,Sunday service
AT01629,M0053,2025-12-28,Sunday service
AT01630,M0055,2025-12-28,Sunday service
AT01631,M0056,2025-12-28,Sunday service
AT01632,M0057,2025-12-28,Sunday service
AT01633,M0059,2025-12-28,Sunday service
AT01634,M0063,2025-12-28,Sunday service
AT01635,M0067,2025-12-28,Sunday service
AT01636,M0069,2025-12-28,Sunday service
AT01637,M0070,2025-12-28,Sunday service
AT01638,M0071,2025-12-28,Sunday service
AT01639,M0073,2025-12-28,Sunday service
AT01640,M0074,2025-12-28,Sunday service
AT01641,M0075,2025-12-28,Sunday service
AT01642,M0076,2025-12-28,Sunday service
AT01643,M0077,2025-12-28,Sunday service
AT01644,M0078,2025-12-28,Sunday service
AT01645,M0080,2025-12-28,Sunday service
AT01646,M0083,2025-12-28,Sunday service
AT01647,M0085,2025-12-28,Sunday service
AT01648,M0086,2025-12-28,Sunday service
AT01649,M0093,2025-12-28,Sunday service
AT01650,M0099,2025-12-28,Sunday service
AT01651,M0103,2025-12-28,Sunday service
AT01652,M0104,2025-12-28,Sunday service
AT01653,M0105,2025-12-28,Sunday service
AT01654,M0106,2025-12-28,Sunday service
AT01655,M0107,2025-12-28,Sunday service
AT01656,M0109,2025-12-28,Sunday service
AT01657,M0113,2025-12-28,Sunday service
AT01658,M0114,2025-12-28,Sunday service
AT01659,M0115,2025-12-28,Sunday service
AT01660,M0116,2025-12-28,Sunday service
AT01661,M0118,2025-12-28,Sunday service
AT01662,M0119,2025-12-28,Sunday service
AT01663,M0123,2025-12-28,Sunday service
AT01664,M0124,2025-12-28,Sunday service
AT01665,M0126,2025-12-28,Sunday service
AT01666,M0127,2025-12-28,Sunday service
AT01667,M0131,2025-12-28,Sunday service
AT01668,M0132,2025-12-28,Sunday service
AT01669,M0134,2025-12-28,Sunday service
AT01670,M0137,2025-12-28,Sunday service
AT01671,M0140,2025-12-28,Sunday service
AT01672,M0142,2025-12-28,Sunday service
AT01673,M0143,2025-12-28,Sunday service
AT01674,M0144,2025-12-28,Sunday service
AT01675,M0145,2025-12-28,Sunday service
AT01676,M0147,2025-12-28,Sunday service
AT01677,M0151,2025-12-28,Sunday service
AT01678,M0153,2025-12-28,Sunday service
AT01679,M0154,2025-12-28,Sunday service
AT01680,M0155,2025-12-28,Sunday service
AT01681,M0156,2025-12-28,Sunday service
AT01682,M0157,2025-12-28,Sunday service
AT01683,M0158,2025-12-28,Sunday service
AT01684,M0159,2025-12-28,Sunday service
AT01685,M0160,2025-12-28,Sunday service
AT01686,M0164,2025-12-28,Sunday service
AT01687,M0166,2025-12-28,Sunday service
AT01688,M0168,2025-12-28,Sunday service
AT01689,M0169,2025-12-28,Sunday service
AT01690,M0170,2025-12-28,Sunday service
AT01691,M0171,2025-12-28,Sunday service
AT01692,M0175,2025-12-28,Sunday service
AT01693,M0176,2025-12-28,Sunday service
AT01694,M0178,2025-12-28,Sunday service
AT01695,M0181,2025-12-28,Sunday service
AT01696,M0183,2025-12-28,Sunday service
AT01697,M0185,2025-12-28,Sunday service
AT01698,M0186,2025-12-28,Sunday service
AT01699,M0187,2025-12-28,Sunday service
AT01700,M0188,2025-12-28,Sunday service
AT01701,M0189,2025-12-28,Sunday service
AT01702,M0190,2025-12-28,Sunday service
AT01703,M0194,2025-12-28,Sunday service
AT01704,M0195,2025-12-28,Sunday service
AT01705,M0196,2025-12-28,Sunday service
AT01706,M0197,2025-12-28,Sunday service
AT01707,M0198,2025-12-28,Sunday service
AT01708,M0200,2025-12-28,Sunday service
AT01709,M0201,2025-12-28,Sunday service
AT01710,M0202,2025-12-28,Sunday service
AT01711,M0204,2025-12-28,Sunday service
AT01712,M0205,2025-12-28,Sunday service
AT01713,M0206,2025-12-28,Sunday service
AT01714,M0207,2025-12-28,Sunday service
AT01715,M0213,2025-12-28,Sunday service
AT01716,M0215,2025-12-28,Sunday service
AT01717,M0216,2025-12-28,Sunday service
AT01718,M0217,2025-12-28,Sunday service
AT01719,M0220,2025-12-28,Sunday service
AT01720,M0221,2025-12-28,Sunday service
AT01721,M0223,2025-12-28,Sunday service
AT01722,M0226,2025-12-28,Sunday service
AT01723,M0227,2025-12-28,Sunday service
AT01724,M0228,2025-12-28,Sunday service
AT01725,M0229,2025-12-28,Sunday service
AT01726,M0232,2025-12-28,Sunday service
AT01727,M0234,2025-12-28,Sunday service
AT01728,M0235,2025-12-28,Sunday service
AT01729,M0236,2025-12-28,Sunday service
AT01730,M0237,2025-12-28,Sunday service
AT01731,M0240,2025-12-28,Sunday service
AT01732,M0001,2026-01-04,Sunday service
AT01733,M0002,2026-01-04,Sunday service
AT01734,M0003,2026-01-04,Sunday service
AT01735,M0004,2026-01-04,Sunday service
AT01736,M0005,2026-01-04,Sunday service
AT01737,M0006,2026-01-04,Sunday service
AT01738,M0007,2026-01-04,Sunday service
AT01739,M0010,2026-01-04,Sunday service
AT01740,M0011,2026-01-04,Sunday service
AT01741,M0012,2026-01-04,Sunday service
AT01742,M0013,2026-01-04,Sunday service
AT01743,M0014,2026-01-04,Sunday service
AT01744,M0015,2026-01-04,Sunday service
AT01745,M0018,2026-01-04,Sunday service
AT01746,M0019,2026-01-04,Sunday service
AT01747,M0023,2026-01-04,Sunday service
AT01748,M0026,2026-01-04,Sunday service
AT01749,M0027,2026-01-04,Sunday service
AT01750,M0030,2026-01-04,Sunday service
AT01751,M0031,2026-01-04,Sunday service
AT01752,M0033,2026-01-04,Sunday service
AT01753,M0034,2026-01-04,Sunday service
AT01754,M0036,2026-01-04,Sunday service
AT01755,M0038,2026-01-04,Sunday service
AT01756,M0039,2026-01-04,Sunday service
AT01757,M0040,2026-01-04,Sunday service
AT01758,M0044,2026-01-04,Sunday service
AT01759,M0045,2026-01-04,Sunday service
AT01760,M0046,2026-01-04,Sunday service
AT01761,M0048,2026-01-04,Sunday service
AT01762,M0055,2026-01-04,Sunday service
AT01763,M0056,2026-01-04,Sunday service
AT01764,M0057,2026-01-04,Sunday service
AT01765,M0059,2026-01-04,Sunday service
AT01766,M0060,2026-01-04,Sunday service
AT01767,M0061,2026-01-04,Sunday service
AT01768,M0062,2026-01-04,Sunday service
AT01769,M0067,2026-01-04,Sunday service
AT01770,M0069,2026-01-04,Sunday service
AT01771,M0070,2026-01-04,Sunday service
AT01772,M0071,2026-01-04,Sunday service
AT01773,M0074,2026-01-04,Sunday service
AT01774,M0075,2026-01-04,Sunday service
AT01775,M0076,2026-01-04,Sunday service
AT01776,M0077,2026-01-04,Sunday service
AT01777,M0078,2026-01-04,Sunday service
AT01778,M0079,2026-01-04,Sunday service
AT01779,M0080,2026-01-04,Sunday service
AT01780,M0082,2026-01-04,Sunday service
AT01781,M0085,2026-01-04,Sunday service
AT01782,M0086,2026-01-04,Sunday service
AT01783,M0087,2026-01-04,Sunday service
AT01784,M0088,2026-01-04,Sunday service
AT01785,M0092,2026-01-04,Sunday service
AT01786,M0093,2026-01-04,Sunday service
AT01787,M0097,2026-01-04,Sunday service
AT01788,M0098,2026-01-04,Sunday service
AT01789,M0099,2026-01-04,Sunday service
AT01790,M0103,2026-01-04,Sunday service
AT01791,M0104,2026-01-04,Sunday service
AT01792,M0105,2026-01-04,Sunday service
AT01793,M0106,2026-01-04,Sunday service
AT01794,M0107,2026-01-04,Sunday service
AT01795,M0109,2026-01-04,Sunday service
AT01796,M0111,2026-01-04,Sunday service
AT01797,M0113,2026-01-04,Sunday service
AT01798,M0114,2026-01-04,Sunday service
AT01799,M0116,2026-01-04,Sunday service
AT01800,M0118,2026-01-04,Sunday service
AT01801,M0119,2026-01-04,Sunday service
AT01802,M0121,2026-01-04,Sunday service
AT01803,M0124,2026-01-04,Sunday service
AT01804,M0126,2026-01-04,Sunday service
AT01805,M0127,2026-01-04,Sunday service
AT01806,M0129,2026-01-04,Sunday service
AT01807,M0130,2026-01-04,Sunday service
AT01808,M0131,2026-01-04,Sunday service
AT01809,M0134,2026-01-04,Sunday service
AT01810,M0137,2026-01-04,Sunday service
AT01811,M0138,2026-01-04,Sunday service
AT01812,M0139,2026-01-04,Sunday service
AT01813,M0140,2026-01-04,Sunday service
AT01814,M0147,2026-01-04,Sunday service
AT01815,M0149,2026-01-04,Sunday service
AT01816,M0150,2026-01-04,Sunday service
AT01817,M0153,2026-01-04,Sunday service
AT01818,M0154,2026-01-04,Sunday service
AT01819,M0155,2026-01-04,Sunday service
AT01820,M0156,2026-01-04,Sunday service
AT01821,M0158,2026-01-04,Sunday service
AT01822,M0160,2026-01-04,Sunday service
AT01823,M0162,2026-01-04,Sunday service
AT01824,M0163,2026-01-04,Sunday service
AT01825,M0164,2026-01-04,Sunday service
AT01826,M0166,2026-01-04,Sunday service
AT01827,M0167,2026-01-04,Sunday service
AT01828,M0168,2026-01-04,Sunday service
AT01829,M0171,2026-01-04,Sunday service
AT01830,M0174,2026-01-04,Sunday service
AT01831,M0175,2026-01-04,Sunday service
AT01832,M0178,2026-01-04,Sunday service
AT01833,M0180,2026-01-04,Sunday service
AT01834,M0181,2026-01-04,Sunday service
AT01835,M0183,2026-01-04,Sunday service
AT01836,M0186,2026-01-04,Sunday service
AT01837,M0187,2026-01-04,Sunday service
AT01838,M0188,2026-01-04,Sunday service
AT01839,M0190,2026-01-04,Sunday service
AT01840,M0195,2026-01-04,Sunday service
AT01841,M0197,2026-01-04,Sunday service
AT01842,M0198,2026-01-04,Sunday service
AT01843,M0202,2026-01-04,Sunday service
AT01844,M0204,2026-01-04,Sunday service
AT01845,M0206,2026-01-04,Sunday service
AT01846,M0207,2026-01-04,Sunday service
AT01847,M0208,2026-01-04,Sunday service
AT01848,M0209,2026-01-04,Sunday service
AT01849,M0213,2026-01-04,Sunday service
AT01850,M0214,2026-01-04,Sunday service
AT01851,M0215,2026-01-04,Sunday service
AT01852,M0216,2026-01-04,Sunday service
AT01853,M0217,2026-01-04,Sunday service
AT01854,M0220,2026-01-04,Sunday service
AT01855,M0221,2026-01-04,Sunday service
AT01856,M0226,2026-01-04,Sunday service
AT01857,M0227,2026-01-04,Sunday service
AT01858,M0228,2026-01-04,Sunday service
AT01859,M0229,2026-01-04,Sunday service
AT01860,M0230,2026-01-04,Sunday service
AT01861,M0232,2026-01-04,Sunday service
AT01862,M0234,2026-01-04,Sunday service
AT01863,M0235,2026-01-04,Sunday service
AT01864,M0236,2026-01-04,Sunday service
AT01865,M0238,2026-01-04,Sunday service
AT01866,M0239,2026-01-04,Sunday service
AT01867,M0240,2026-01-04,Sunday service
AT01868,M0001,2026-01-11,Sunday service
AT01869,M0002,2026-01-11,Sunday service
AT01870,M0004,2026-01-11,Sunday service
AT01871,M0006,2026-01-11,Sunday service
AT01872,M0008,2026-01-11,Sunday service
AT01873,M0010,2026-01-11,Sunday service
AT01874,M0011,2026-01-11,Sunday service
AT01875,M0012,2026-01-11,Sunday service
AT01876,M0013,2026-01-11,Sunday service
AT01877,M0014,2026-01-11,Sunday service
AT01878,M0015,2026-01-11,Sunday service
AT01879,M0018,2026-01-11,Sunday service
AT01880,M0022,2026-01-11,Sunday service
AT01881,M0025,2026-01-11,Sunday service
AT01882,M0026,2026-01-11,Sunday service
AT01883,M0027,2026-01-11,Sunday service
AT01884,M0030,2026-01-11,Sunday service
AT01885,M0031,2026-01-11,Sunday service
AT01886,M0033,2026-01-11,Sunday service
AT01887,M0034,2026-01-11,Sunday service
AT01888,M0037,2026-01-11,Sunday service
AT01889,M0039,2026-01-11,Sunday service
AT01890,M0040,2026-01-11,Sunday service
AT01891,M0044,2026-01-11,Sunday service
AT01892,M0048,2026-01-11,Sunday service
AT01893,M0049,2026-01-11,Sunday service
AT01894,M0051,2026-01-11,Sunday service
AT01895,M0053,2026-01-11,Sunday service
AT01896,M0055,2026-01-11,Sunday service
AT01897,M0056,2026-01-11,Sunday service
AT01898,M0057,2026-01-11,Sunday service
AT01899,M0060,2026-01-11,Sunday service
AT01900,M0062,2026-01-11,Sunday service
AT01901,M0063,2026-01-11,Sunday service
AT01902,M0064,2026-01-11,Sunday service
AT01903,M0070,2026-01-11,Sunday service
AT01904,M0071,2026-01-11,Sunday service
AT01905,M0073,2026-01-11,Sunday service
AT01906,M0074,2026-01-11,Sunday service
AT01907,M0075,2026-01-11,Sunday service
AT01908,M0076,2026-01-11,Sunday service
AT01909,M0077,2026-01-11,Sunday service
AT01910,M0078,2026-01-11,Sunday service
AT01911,M0079,2026-01-11,Sunday service
AT01912,M0080,2026-01-11,Sunday service
AT01913,M0081,2026-01-11,Sunday service
AT01914,M0082,2026-01-11,Sunday service
AT01915,M0083,2026-01-11,Sunday service
AT01916,M0084,2026-01-11,Sunday service
AT01917,M0085,2026-01-11,Sunday service
AT01918,M0086,2026-01-11,Sunday service
AT01919,M0091,2026-01-11,Sunday service
AT01920,M0093,2026-01-11,Sunday service
AT01921,M0095,2026-01-11,Sunday service
AT01922,M0097,2026-01-11,Sunday service
AT01923,M0098,2026-01-11,Sunday service
AT01924,M0099,2026-01-11,Sunday service
AT01925,M0103,2026-01-11,Sunday service
AT01926,M0104,2026-01-11,Sunday service
AT01927,M0105,2026-01-11,Sunday service
AT01928,M0106,2026-01-11,Sunday service
AT01929,M0107,2026-01-11,Sunday service
AT01930,M0109,2026-01-11,Sunday service
AT01931,M0111,2026-01-11,Sunday service
AT01932,M0112,2026-01-11,Sunday service
AT01933,M0113,2026-01-11,Sunday service
AT01934,M0114,2026-01-11,Sunday service
AT01935,M0115,2026-01-11,Sunday service
AT01936,M0116,2026-01-11,Sunday service
AT01937,M0118,2026-01-11,Sunday service
AT01938,M0119,2026-01-11,Sunday service
AT01939,M0121,2026-01-11,Sunday service
AT01940,M0124,2026-01-11,Sunday service
AT01941,M0126,2026-01-11,Sunday service
AT01942,M0127,2026-01-11,Sunday service
AT01943,M0128,2026-01-11,Sunday service
AT01944,M0130,2026-01-11,Sunday service
AT01945,M0131,2026-01-11,Sunday service
AT01946,M0134,2026-01-11,Sunday service
AT01947,M0136,2026-01-11,Sunday service
AT01948,M0138,2026-01-11,Sunday service
AT01949,M0139,2026-01-11,Sunday service
AT01950,M0142,2026-01-11,Sunday service
AT01951,M0143,2026-01-11,Sunday service
AT01952,M0144,2026-01-11,Sunday service
AT01953,M0145,2026-01-11,Sunday service
AT01954,M0153,2026-01-11,Sunday service
AT01955,M0155,2026-01-11,Sunday service
AT01956,M0156,2026-01-11,Sunday service
AT01957,M0157,2026-01-11,Sunday service
AT01958,M0158,2026-01-11,Sunday service
AT01959,M0160,2026-01-11,Sunday service
AT01960,M0163,2026-01-11,Sunday service
AT01961,M0164,2026-01-11,Sunday service
AT01962,M0165,2026-01-11,Sunday service
AT01963,M0168,2026-01-11,Sunday service
AT01964,M0174,2026-01-11,Sunday service
AT01965,M0175,2026-01-11,Sunday service
AT01966,M0178,2026-01-11,Sunday service
AT01967,M0180,2026-01-11,Sunday service
AT01968,M0181,2026-01-11,Sunday service
AT01969,M0183,2026-01-11,Sunday service
AT01970,M0185,2026-01-11,Sunday service
AT01971,M0186,2026-01-11,Sunday service
AT01972,M0188,2026-01-11,Sunday service
AT01973,M0189,2026-01-11,Sunday service
AT01974,M0190,2026-01-11,Sunday service
AT01975,M0191,2026-01-11,Sunday service
AT01976,M0193,2026-01-11,Sunday service
AT01977,M0195,2026-01-11,Sunday service
AT01978,M0196,2026-01-11,Sunday service
AT01979,M0197,2026-01-11,Sunday service
AT01980,M0198,2026-01-11,Sunday service
AT01981,M0200,2026-01-11,Sunday service
AT01982,M0201,2026-01-11,Sunday service
AT01983,M0202,2026-01-11,Sunday service
AT01984,M0204,2026-01-11,Sunday service
AT01985,M0205,2026-01-11,Sunday service
AT01986,M0206,2026-01-11,Sunday service
AT01987,M0208,2026-01-11,Sunday service
AT01988,M0213,2026-01-11,Sunday service
AT01989,M0214,2026-01-11,Sunday service
AT01990,M0215,2026-01-11,Sunday service
AT01991,M0216,2026-01-11,Sunday service
AT01992,M0217,2026-01-11,Sunday service
AT01993,M0218,2026-01-11,Sunday service
AT01994,M0219,2026-01-11,Sunday service
AT01995,M0220,2026-01-11,Sunday service
AT01996,M0225,2026-01-11,Sunday service
AT01997,M0226,2026-01-11,Sunday service
AT01998,M0227,2026-01-11,Sunday service
AT01999,M0229,2026-01-11,Sunday service
AT02000,M0230,2026-01-11,Sunday service
AT02001,M0234,2026-01-11,Sunday service
AT02002,M0235,2026-01-11,Sunday service
AT02003,M0236,2026-01-11,Sunday service
AT02004,M0237,2026-01-11,Sunday service
AT02005,M0240,2026-01-11,Sunday service
AT02006,M0001,2026-01-18,Sunday service
AT02007,M0002,2026-01-18,Sunday service
AT02008,M0003,2026-01-18,Sunday service
AT02009,M0004,2026-01-18,Sunday service
AT02010,M0005,2026-01-18,Sunday service
AT02011,M0006,2026-01-18,Sunday service
AT02012,M0007,2026-01-18,Sunday service
AT02013,M0010,2026-01-18,Sunday service
AT02014,M0011,2026-01-18,Sunday service
AT02015,M0012,2026-01-18,Sunday service
AT02016,M0014,2026-01-18,Sunday service
AT02017,M0015,2026-01-18,Sunday service
AT02018,M0016,2026-01-18,Sunday service
AT02019,M0017,2026-01-18,Sunday service
AT02020,M0018,2026-01-18,Sunday service
AT02021,M0023,2026-01-18,Sunday service
AT02022,M0025,2026-01-18,Sunday service
AT02023,M0026,2026-01-18,Sunday service
AT02024,M0027,2026-01-18,Sunday service
AT02025,M0030,2026-01-18,Sunday service
AT02026,M0031,2026-01-18,Sunday service
AT02027,M0033,2026-01-18,Sunday service
AT02028,M0035,2026-01-18,Sunday service
AT02029,M0036,2026-01-18,Sunday service
AT02030,M0037,2026-01-18,Sunday service
AT02031,M0038,2026-01-18,Sunday service
AT02032,M0039,2026-01-18,Sunday service
AT02033,M0040,2026-01-18,Sunday service
AT02034,M0042,2026-01-18,Sunday service
AT02035,M0044,2026-01-18,Sunday service
AT02036,M0049,2026-01-18,Sunday service
AT02037,M0051,2026-01-18,Sunday service
AT02038,M0057,2026-01-18,Sunday service
AT02039,M0058,2026-01-18,Sunday service
AT02040,M0059,2026-01-18,Sunday service
AT02041,M0060,2026-01-18,Sunday service
AT02042,M0062,2026-01-18,Sunday service
AT02043,M0063,2026-01-18,Sunday service
AT02044,M0064,2026-01-18,Sunday service
AT02045,M0065,2026-01-18,Sunday service
AT02046,M0067,2026-01-18,Sunday service
AT02047,M0070,2026-01-18,Sunday service
AT02048,M0071,2026-01-18,Sunday service
AT02049,M0073,2026-01-18,Sunday service
AT02050,M0074,2026-01-18,Sunday service
AT02051,M0075,2026-01-18,Sunday service
AT02052,M0076,2026-01-18,Sunday service
AT02053,M0077,2026-01-18,Sunday service
AT02054,M0078,2026-01-18,Sunday service
AT02055,M0080,2026-01-18,Sunday service
AT02056,M0082,2026-01-18,Sunday service
AT02057,M0083,2026-01-18,Sunday service
AT02058,M0084,2026-01-18,Sunday service
AT02059,M0086,2026-01-18,Sunday service
AT02060,M0091,2026-01-18,Sunday service
AT02061,M0093,2026-01-18,Sunday service
AT02062,M0095,2026-01-18,Sunday service
AT02063,M0097,2026-01-18,Sunday service
AT02064,M0099,2026-01-18,Sunday service
AT02065,M0102,2026-01-18,Sunday service
AT02066,M0104,2026-01-18,Sunday service
AT02067,M0106,2026-01-18,Sunday service
AT02068,M0107,2026-01-18,Sunday service
AT02069,M0109,2026-01-18,Sunday service
AT02070,M0113,2026-01-18,Sunday service
AT02071,M0114,2026-01-18,Sunday service
AT02072,M0115,2026-01-18,Sunday service
AT02073,M0118,2026-01-18,Sunday service
AT02074,M0119,2026-01-18,Sunday service
AT02075,M0123,2026-01-18,Sunday service
AT02076,M0124,2026-01-18,Sunday service
AT02077,M0126,2026-01-18,Sunday service
AT02078,M0127,2026-01-18,Sunday service
AT02079,M0131,2026-01-18,Sunday service
AT02080,M0134,2026-01-18,Sunday service
AT02081,M0138,2026-01-18,Sunday service
AT02082,M0139,2026-01-18,Sunday service
AT02083,M0141,2026-01-18,Sunday service
AT02084,M0142,2026-01-18,Sunday service
AT02085,M0143,2026-01-18,Sunday service
AT02086,M0144,2026-01-18,Sunday service
AT02087,M0147,2026-01-18,Sunday service
AT02088,M0148,2026-01-18,Sunday service
AT02089,M0150,2026-01-18,Sunday service
AT02090,M0154,2026-01-18,Sunday service
AT02091,M0155,2026-01-18,Sunday service
AT02092,M0156,2026-01-18,Sunday service
AT02093,M0158,2026-01-18,Sunday service
AT02094,M0160,2026-01-18,Sunday service
AT02095,M0163,2026-01-18,Sunday service
AT02096,M0164,2026-01-18,Sunday service
AT02097,M0165,2026-01-18,Sunday service
AT02098,M0166,2026-01-18,Sunday service
AT02099,M0167,2026-01-18,Sunday service
AT02100,M0168,2026-01-18,Sunday service
AT02101,M0169,2026-01-18,Sunday service
AT02102,M0170,2026-01-18,Sunday service
AT02103,M0174,2026-01-18,Sunday service
AT02104,M0175,2026-01-18,Sunday service
AT02105,M0176,2026-01-18,Sunday service
AT02106,M0177,2026-01-18,Sunday service
AT02107,M0178,2026-01-18,Sunday service
AT02108,M0180,2026-01-18,Sunday service
AT02109,M0181,2026-01-18,Sunday service
AT02110,M0183,2026-01-18,Sunday service
AT02111,M0186,2026-01-18,Sunday service
AT02112,M0187,2026-01-18,Sunday service
AT02113,M0188,2026-01-18,Sunday service
AT02114,M0189,2026-01-18,Sunday service
AT02115,M0190,2026-01-18,Sunday service
AT02116,M0193,2026-01-18,Sunday service
AT02117,M0195,2026-01-18,Sunday service
AT02118,M0196,2026-01-18,Sunday service
AT02119,M0197,2026-01-18,Sunday service
AT02120,M0198,2026-01-18,Sunday service
AT02121,M0202,2026-01-18,Sunday service
AT02122,M0204,2026-01-18,Sunday service
AT02123,M0205,2026-01-18,Sunday service
AT02124,M0206,2026-01-18,Sunday service
AT02125,M0207,2026-01-18,Sunday service
AT02126,M0208,2026-01-18,Sunday service
AT02127,M0210,2026-01-18,Sunday service
AT02128,M0213,2026-01-18,Sunday service
AT02129,M0214,2026-01-18,Sunday service
AT02130,M0215,2026-01-18,Sunday service
AT02131,M0216,2026-01-18,Sunday service
AT02132,M0217,2026-01-18,Sunday service
AT02133,M0218,2026-01-18,Sunday service
AT02134,M0220,2026-01-18,Sunday service
AT02135,M0221,2026-01-18,Sunday service
AT02136,M0224,2026-01-18,Sunday service
AT02137,M0227,2026-01-18,Sunday service
AT02138,M0229,2026-01-18,Sunday service
AT02139,M0232,2026-01-18,Sunday service
AT02140,M0234,2026-01-18,Sunday service
AT02141,M0235,2026-01-18,Sunday service
AT02142,M0236,2026-01-18,Sunday service
AT02143,M0237,2026-01-18,Sunday service
AT02144,M0238,2026-01-18,Sunday service
AT02145,M0001,2026-01-25,Sunday service
AT02146,M0003,2026-01-25,Sunday service
AT02147,M0004,2026-01-25,Sunday service
AT02148,M0005,2026-01-25,Sunday service
AT02149,M0006,2026-01-25,Sunday service
AT02150,M0008,2026-01-25,Sunday service
AT02151,M0010,2026-01-25,Sunday service
AT02152,M0011,2026-01-25,Sunday service
AT02153,M0012,2026-01-25,Sunday service
AT02154,M0013,2026-01-25,Sunday service
AT02155,M0015,2026-01-25,Sunday service
AT02156,M0016,2026-01-25,Sunday service
AT02157,M0017,2026-01-25,Sunday service
AT02158,M0018,2026-01-25,Sunday service
AT02159,M0022,2026-01-25,Sunday service
AT02160,M0023,2026-01-25,Sunday service
AT02161,M0025,2026-01-25,Sunday service
AT02162,M0026,2026-01-25,Sunday service
AT02163,M0027,2026-01-25,Sunday service
AT02164,M0030,2026-01-25,Sunday service
AT02165,M0031,2026-01-25,Sunday service
AT02166,M0033,2026-01-25,Sunday service
AT02167,M0034,2026-01-25,Sunday service
AT02168,M0036,2026-01-25,Sunday service
AT02169,M0038,2026-01-25,Sunday service
AT02170,M0039,2026-01-25,Sunday service
AT02171,M0040,2026-01-25,Sunday service
AT02172,M0042,2026-01-25,Sunday service
AT02173,M0044,2026-01-25,Sunday service
AT02174,M0045,2026-01-25,Sunday service
AT02175,M0048,2026-01-25,Sunday service
AT02176,M0049,2026-01-25,Sunday service
AT02177,M0055,2026-01-25,Sunday service
AT02178,M0056,2026-01-25,Sunday service
AT02179,M0058,2026-01-25,Sunday service
AT02180,M0059,2026-01-25,Sunday service
AT02181,M0060,2026-01-25,Sunday service
AT02182,M0061,2026-01-25,Sunday service
AT02183,M0063,2026-01-25,Sunday service
AT02184,M0067,2026-01-25,Sunday service
AT02185,M0069,2026-01-25,Sunday service
AT02186,M0071,2026-01-25,Sunday service
AT02187,M0073,2026-01-25,Sunday service
AT02188,M0074,2026-01-25,Sunday service
AT02189,M0076,2026-01-25,Sunday service
AT02190,M0077,2026-01-25,Sunday service
AT02191,M0078,2026-01-25,Sunday service
AT02192,M0079,2026-01-25,Sunday service
AT02193,M0081,2026-01-25,Sunday service
AT02194,M0082,2026-01-25,Sunday service
AT02195,M0083,2026-01-25,Sunday service
AT02196,M0084,2026-01-25,Sunday service
AT02197,M0085,2026-01-25,Sunday service
AT02198,M0086,2026-01-25,Sunday service
AT02199,M0087,2026-01-25,Sunday service
AT02200,M0093,2026-01-25,Sunday service
AT02201,M0095,2026-01-25,Sunday service
AT02202,M0097,2026-01-25,Sunday service
AT02203,M0099,2026-01-25,Sunday service
AT02204,M0103,2026-01-25,Sunday service
AT02205,M0105,2026-01-25,Sunday service
AT02206,M0111,2026-01-25,Sunday service
AT02207,M0114,2026-01-25,Sunday service
AT02208,M0115,2026-01-25,Sunday service
AT02209,M0116,2026-01-25,Sunday service
AT02210,M0118,2026-01-25,Sunday service
AT02211,M0119,2026-01-25,Sunday service
AT02212,M0121,2026-01-25,Sunday service
AT02213,M0123,2026-01-25,Sunday service
AT02214,M0124,2026-01-25,Sunday service
AT02215,M0126,2026-01-25,Sunday service
AT02216,M0130,2026-01-25,Sunday service
AT02217,M0131,2026-01-25,Sunday service
AT02218,M0132,2026-01-25,Sunday service
AT02219,M0137,2026-01-25,Sunday service
AT02220,M0138,2026-01-25,Sunday service
AT02221,M0139,2026-01-25,Sunday service
AT02222,M0140,2026-01-25,Sunday service
AT02223,M0143,2026-01-25,Sunday service
AT02224,M0144,2026-01-25,Sunday service
AT02225,M0147,2026-01-25,Sunday service
AT02226,M0149,2026-01-25,Sunday service
AT02227,M0151,2026-01-25,Sunday service
AT02228,M0153,2026-01-25,Sunday service
AT02229,M0154,2026-01-25,Sunday service
AT02230,M0155,2026-01-25,Sunday service
AT02231,M0156,2026-01-25,Sunday service
AT02232,M0157,2026-01-25,Sunday service
AT02233,M0158,2026-01-25,Sunday service
AT02234,M0162,2026-01-25,Sunday service
AT02235,M0163,2026-01-25,Sunday service
AT02236,M0166,2026-01-25,Sunday service
AT02237,M0168,2026-01-25,Sunday service
AT02238,M0170,2026-01-25,Sunday service
AT02239,M0174,2026-01-25,Sunday service
AT02240,M0177,2026-01-25,Sunday service
AT02241,M0178,2026-01-25,Sunday service
AT02242,M0182,2026-01-25,Sunday service
AT02243,M0183,2026-01-25,Sunday service
AT02244,M0184,2026-01-25,Sunday service
AT02245,M0185,2026-01-25,Sunday service
AT02246,M0186,2026-01-25,Sunday service
AT02247,M0188,2026-01-25,Sunday service
AT02248,M0189,2026-01-25,Sunday service
AT02249,M0190,2026-01-25,Sunday service
AT02250,M0191,2026-01-25,Sunday service
AT02251,M0193,2026-01-25,Sunday service
AT02252,M0196,2026-01-25,Sunday service
AT02253,M0197,2026-01-25,Sunday service
AT02254,M0200,2026-01-25,Sunday service
AT02255,M0202,2026-01-25,Sunday service
AT02256,M0204,2026-01-25,Sunday service
AT02257,M0206,2026-01-25,Sunday service
AT02258,M0207,2026-01-25,Sunday service
AT02259,M0208,2026-01-25,Sunday service
AT02260,M0213,2026-01-25,Sunday service
AT02261,M0214,2026-01-25,Sunday service
AT02262,M0215,2026-01-25,Sunday service
AT02263,M0216,2026-01-25,Sunday service
AT02264,M0217,2026-01-25,Sunday service
AT02265,M0218,2026-01-25,Sunday service
AT02266,M0219,2026-01-25,Sunday service
AT02267,M0220,2026-01-25,Sunday service
AT02268,M0221,2026-01-25,Sunday service
AT02269,M0224,2026-01-25,Sunday service
AT02270,M0225,2026-01-25,Sunday service
AT02271,M0226,2026-01-25,Sunday service
AT02272,M0227,2026-01-25,Sunday service
AT02273,M0228,2026-01-25,Sunday service
AT02274,M0229,2026-01-25,Sunday service
AT02275,M0230,2026-01-25,Sunday service
AT02276,M0231,2026-01-25,Sunday service
AT02277,M0232,2026-01-25,Sunday service
AT02278,M0234,2026-01-25,Sunday service
AT02279,M0235,2026-01-25,Sunday service
AT02280,M0237,2026-01-25,Sunday service
AT02281,M0238,2026-01-25,Sunday service
AT02282,M0001,2026-02-01,Sunday service
AT02283,M0002,2026-02-01,Sunday service
AT02284,M0003,2026-02-01,Sunday service
AT02285,M0004,2026-02-01,Sunday service
AT02286,M0005,2026-02-01,Sunday service
AT02287,M0006,2026-02-01,Sunday service
AT02288,M0008,2026-02-01,Sunday service
AT02289,M0010,2026-02-01,Sunday service
AT02290,M0011,2026-02-01,Sunday service
AT02291,M0012,2026-02-01,Sunday service
AT02292,M0013,2026-02-01,Sunday service
AT02293,M0015,2026-02-01,Sunday service
AT02294,M0016,2026-02-01,Sunday service
AT02295,M0017,2026-02-01,Sunday service
AT02296,M0018,2026-02-01,Sunday service
AT02297,M0022,2026-02-01,Sunday service
AT02298,M0023,2026-02-01,Sunday service
AT02299,M0025,2026-02-01,Sunday service
AT02300,M0026,2026-02-01,Sunday service
AT02301,M0030,2026-02-01,Sunday service
AT02302,M0031,2026-02-01,Sunday service
AT02303,M0033,2026-02-01,Sunday service
AT02304,M0034,2026-02-01,Sunday service
AT02305,M0035,2026-02-01,Sunday service
AT02306,M0036,2026-02-01,Sunday service
AT02307,M0037,2026-02-01,Sunday service
AT02308,M0038,2026-02-01,Sunday service
AT02309,M0039,2026-02-01,Sunday service
AT02310,M0040,2026-02-01,Sunday service
AT02311,M0044,2026-02-01,Sunday service
AT02312,M0046,2026-02-01,Sunday service
AT02313,M0049,2026-02-01,Sunday service
AT02314,M0051,2026-02-01,Sunday service
AT02315,M0055,2026-02-01,Sunday service
AT02316,M0056,2026-02-01,Sunday service
AT02317,M0057,2026-02-01,Sunday service
AT02318,M0058,2026-02-01,Sunday service
AT02319,M0060,2026-02-01,Sunday service
AT02320,M0061,2026-02-01,Sunday service
AT02321,M0063,2026-02-01,Sunday service
AT02322,M0064,2026-02-01,Sunday service
AT02323,M0067,2026-02-01,Sunday service
AT02324,M0069,2026-02-01,Sunday service
AT02325,M0070,2026-02-01,Sunday service
AT02326,M0071,2026-02-01,Sunday service
AT02327,M0073,2026-02-01,Sunday service
AT02328,M0074,2026-02-01,Sunday service
AT02329,M0075,2026-02-01,Sunday service
AT02330,M0076,2026-02-01,Sunday service
AT02331,M0077,2026-02-01,Sunday service
AT02332,M0080,2026-02-01,Sunday service
AT02333,M0084,2026-02-01,Sunday service
AT02334,M0086,2026-02-01,Sunday service
AT02335,M0087,2026-02-01,Sunday service
AT02336,M0091,2026-02-01,Sunday service
AT02337,M0092,2026-02-01,Sunday service
AT02338,M0093,2026-02-01,Sunday service
AT02339,M0097,2026-02-01,Sunday service
AT02340,M0099,2026-02-01,Sunday service
AT02341,M0103,2026-02-01,Sunday service
AT02342,M0104,2026-02-01,Sunday service
AT02343,M0105,2026-02-01,Sunday service
AT02344,M0106,2026-02-01,Sunday service
AT02345,M0107,2026-02-01,Sunday service
AT02346,M0109,2026-02-01,Sunday service
AT02347,M0111,2026-02-01,Sunday service
AT02348,M0112,2026-02-01,Sunday service
AT02349,M0113,2026-02-01,Sunday service
AT02350,M0114,2026-02-01,Sunday service
AT02351,M0115,2026-02-01,Sunday service
AT02352,M0116,2026-02-01,Sunday service
AT02353,M0121,2026-02-01,Sunday service
AT02354,M0123,2026-02-01,Sunday service
AT02355,M0125,2026-02-01,Sunday service
AT02356,M0126,2026-02-01,Sunday service
AT02357,M0127,2026-02-01,Sunday service
AT02358,M0128,2026-02-01,Sunday service
AT02359,M0130,2026-02-01,Sunday service
AT02360,M0132,2026-02-01,Sunday service
AT02361,M0138,2026-02-01,Sunday service
AT02362,M0145,2026-02-01,Sunday service
AT02363,M0147,2026-02-01,Sunday service
AT02364,M0148,2026-02-01,Sunday service
AT02365,M0150,2026-02-01,Sunday service
AT02366,M0153,2026-02-01,Sunday service
AT02367,M0154,2026-02-01,Sunday service
AT02368,M0155,2026-02-01,Sunday service
AT02369,M0156,2026-02-01,Sunday service
AT02370,M0160,2026-02-01,Sunday service
AT02371,M0163,2026-02-01,Sunday service
AT02372,M0164,2026-02-01,Sunday service
AT02373,M0166,2026-02-01,Sunday service
AT02374,M0167,2026-02-01,Sunday service
AT02375,M0169,2026-02-01,Sunday service
AT02376,M0174,2026-02-01,Sunday service
AT02377,M0175,2026-02-01,Sunday service
AT02378,M0177,2026-02-01,Sunday service
AT02379,M0178,2026-02-01,Sunday service
AT02380,M0180,2026-02-01,Sunday service
AT02381,M0181,2026-02-01,Sunday service
AT02382,M0182,2026-02-01,Sunday service
AT02383,M0183,2026-02-01,Sunday service
AT02384,M0184,2026-02-01,Sunday service
AT02385,M0185,2026-02-01,Sunday service
AT02386,M0188,2026-02-01,Sunday service
AT02387,M0189,2026-02-01,Sunday service
AT02388,M0190,2026-02-01,Sunday service
AT02389,M0191,2026-02-01,Sunday service
AT02390,M0193,2026-02-01,Sunday service
AT02391,M0195,2026-02-01,Sunday service
AT02392,M0196,2026-02-01,Sunday service
AT02393,M0197,2026-02-01,Sunday service
AT02394,M0198,2026-02-01,Sunday service
AT02395,M0200,2026-02-01,Sunday service
AT02396,M0204,2026-02-01,Sunday service
AT02397,M0206,2026-02-01,Sunday service
AT02398,M0207,2026-02-01,Sunday service
AT02399,M0208,2026-02-01,Sunday service
AT02400,M0210,2026-02-01,Sunday service
AT02401,M0214,2026-02-01,Sunday service
AT02402,M0215,2026-02-01,Sunday service
AT02403,M0216,2026-02-01,Sunday service
AT02404,M0217,2026-02-01,Sunday service
AT02405,M0220,2026-02-01,Sunday service
AT02406,M0224,2026-02-01,Sunday service
AT02407,M0225,2026-02-01,Sunday service
AT02408,M0228,2026-02-01,Sunday service
AT02409,M0229,2026-02-01,Sunday service
AT02410,M0234,2026-02-01,Sunday service
AT02411,M0235,2026-02-01,Sunday service
AT02412,M0236,2026-02-01,Sunday service
AT02413,M0237,2026-02-01,Sunday service
AT02414,M0238,2026-02-01,Sunday service
AT02415,M0240,2026-02-01,Sunday service
AT02416,M0002,2026-02-08,Sunday service
AT02417,M0004,2026-02-08,Sunday service
AT02418,M0006,2026-02-08,Sunday service
AT02419,M0010,2026-02-08,Sunday service
AT02420,M0011,2026-02-08,Sunday service
AT02421,M0012,2026-02-08,Sunday service
AT02422,M0014,2026-02-08,Sunday service
AT02423,M0015,2026-02-08,Sunday service
AT02424,M0016,2026-02-08,Sunday service
AT02425,M0018,2026-02-08,Sunday service
AT02426,M0023,2026-02-08,Sunday service
AT02427,M0026,2026-02-08,Sunday service
AT02428,M0027,2026-02-08,Sunday service
AT02429,M0031,2026-02-08,Sunday service
AT02430,M0033,2026-02-08,Sunday service
AT02431,M0035,2026-02-08,Sunday service
AT02432,M0036,2026-02-08,Sunday service
AT02433,M0037,2026-02-08,Sunday service
AT02434,M0038,2026-02-08,Sunday service
AT02435,M0039,2026-02-08,Sunday service
AT02436,M0040,2026-02-08,Sunday service
AT02437,M0042,2026-02-08,Sunday service
AT02438,M0044,2026-02-08,Sunday service
AT02439,M0048,2026-02-08,Sunday service
AT02440,M0049,2026-02-08,Sunday service
AT02441,M0055,2026-02-08,Sunday service
AT02442,M0058,2026-02-08,Sunday service
AT02443,M0059,2026-02-08,Sunday service
AT02444,M0060,2026-02-08,Sunday service
AT02445,M0061,2026-02-08,Sunday service
AT02446,M0062,2026-02-08,Sunday service
AT02447,M0063,2026-02-08,Sunday service
AT02448,M0065,2026-02-08,Sunday service
AT02449,M0067,2026-02-08,Sunday service
AT02450,M0069,2026-02-08,Sunday service
AT02451,M0070,2026-02-08,Sunday service
AT02452,M0073,2026-02-08,Sunday service
AT02453,M0076,2026-02-08,Sunday service
AT02454,M0078,2026-02-08,Sunday service
AT02455,M0079,2026-02-08,Sunday service
AT02456,M0080,2026-02-08,Sunday service
AT02457,M0084,2026-02-08,Sunday service
AT02458,M0085,2026-02-08,Sunday service
AT02459,M0091,2026-02-08,Sunday service
AT02460,M0092,2026-02-08,Sunday service
AT02461,M0093,2026-02-08,Sunday service
AT02462,M0094,2026-02-08,Sunday service
AT02463,M0095,2026-02-08,Sunday service
AT02464,M0097,2026-02-08,Sunday service
AT02465,M0099,2026-02-08,Sunday service
AT02466,M0103,2026-02-08,Sunday service
AT02467,M0105,2026-02-08,Sunday service
AT02468,M0106,2026-02-08,Sunday service
AT02469,M0109,2026-02-08,Sunday service
AT02470,M0112,2026-02-08,Sunday service
AT02471,M0113,2026-02-08,Sunday service
AT02472,M0114,2026-02-08,Sunday service
AT02473,M0116,2026-02-08,Sunday service
AT02474,M0118,2026-02-08,Sunday service
AT02475,M0119,2026-02-08,Sunday service
AT02476,M0121,2026-02-08,Sunday service
AT02477,M0123,2026-02-08,Sunday service
AT02478,M0124,2026-02-08,Sunday service
AT02479,M0125,2026-02-08,Sunday service
AT02480,M0126,2026-02-08,Sunday service
AT02481,M0128,2026-02-08,Sunday service
AT02482,M0129,2026-02-08,Sunday service
AT02483,M0138,2026-02-08,Sunday service
AT02484,M0139,2026-02-08,Sunday service
AT02485,M0140,2026-02-08,Sunday service
AT02486,M0141,2026-02-08,Sunday service
AT02487,M0142,2026-02-08,Sunday service
AT02488,M0143,2026-02-08,Sunday service
AT02489,M0144,2026-02-08,Sunday service
AT02490,M0145,2026-02-08,Sunday service
AT02491,M0147,2026-02-08,Sunday service
AT02492,M0150,2026-02-08,Sunday service
AT02493,M0151,2026-02-08,Sunday service
AT02494,M0153,2026-02-08,Sunday service
AT02495,M0154,2026-02-08,Sunday service
AT02496,M0155,2026-02-08,Sunday service
AT02497,M0156,2026-02-08,Sunday service
AT02498,M0160,2026-02-08,Sunday service
AT02499,M0162,2026-02-08,Sunday service
AT02500,M0165,2026-02-08,Sunday service
AT02501,M0166,2026-02-08,Sunday service
AT02502,M0167,2026-02-08,Sunday service
AT02503,M0168,2026-02-08,Sunday service
AT02504,M0169,2026-02-08,Sunday service
AT02505,M0171,2026-02-08,Sunday service
AT02506,M0174,2026-02-08,Sunday service
AT02507,M0176,2026-02-08,Sunday service
AT02508,M0178,2026-02-08,Sunday service
AT02509,M0185,2026-02-08,Sunday service
AT02510,M0186,2026-02-08,Sunday service
AT02511,M0188,2026-02-08,Sunday service
AT02512,M0189,2026-02-08,Sunday service
AT02513,M0191,2026-02-08,Sunday service
AT02514,M0193,2026-02-08,Sunday service
AT02515,M0194,2026-02-08,Sunday service
AT02516,M0195,2026-02-08,Sunday service
AT02517,M0196,2026-02-08,Sunday service
AT02518,M0198,2026-02-08,Sunday service
AT02519,M0201,2026-02-08,Sunday service
AT02520,M0204,2026-02-08,Sunday service
AT02521,M0205,2026-02-08,Sunday service
AT02522,M0206,2026-02-08,Sunday service
AT02523,M0207,2026-02-08,Sunday service
AT02524,M0208,2026-02-08,Sunday service
AT02525,M0209,2026-02-08,Sunday service
AT02526,M0210,2026-02-08,Sunday service
AT02527,M0211,2026-02-08,Sunday service
AT02528,M0213,2026-02-08,Sunday service
AT02529,M0214,2026-02-08,Sunday service
AT02530,M0215,2026-02-08,Sunday service
AT02531,M0216,2026-02-08,Sunday service
AT02532,M0217,2026-02-08,Sunday service
AT02533,M0218,2026-02-08,Sunday service
AT02534,M0219,2026-02-08,Sunday service
AT02535,M0220,2026-02-08,Sunday service
AT02536,M0221,2026-02-08,Sunday service
AT02537,M0224,2026-02-08,Sunday service
AT02538,M0225,2026-02-08,Sunday service
AT02539,M0226,2026-02-08,Sunday service
AT02540,M0227,2026-02-08,Sunday service
AT02541,M0229,2026-02-08,Sunday service
AT02542,M0230,2026-02-08,Sunday service
AT02543,M0234,2026-02-08,Sunday service
AT02544,M0235,2026-02-08,Sunday service
AT02545,M0236,2026-02-08,Sunday service
AT02546,M0001,2026-02-15,Sunday service
AT02547,M0002,2026-02-15,Sunday service
AT02548,M0003,2026-02-15,Sunday service
AT02549,M0004,2026-02-15,Sunday service
AT02550,M0006,2026-02-15,Sunday service
AT02551,M0011,2026-02-15,Sunday service
AT02552,M0012,2026-02-15,Sunday service
AT02553,M0013,2026-02-15,Sunday service
AT02554,M0015,2026-02-15,Sunday service
AT02555,M0017,2026-02-15,Sunday service
AT02556,M0018,2026-02-15,Sunday service
AT02557,M0023,2026-02-15,Sunday service
AT02558,M0024,2026-02-15,Sunday service
AT02559,M0026,2026-02-15,Sunday service
AT02560,M0027,2026-02-15,Sunday service
AT02561,M0030,2026-02-15,Sunday service
AT02562,M0031,2026-02-15,Sunday service
AT02563,M0033,2026-02-15,Sunday service
AT02564,M0034,2026-02-15,Sunday service
AT02565,M0036,2026-02-15,Sunday service
AT02566,M0037,2026-02-15,Sunday service
AT02567,M0039,2026-02-15,Sunday service
AT02568,M0040,2026-02-15,Sunday service
AT02569,M0042,2026-02-15,Sunday service
AT02570,M0045,2026-02-15,Sunday service
AT02571,M0049,2026-02-15,Sunday service
AT02572,M0050,2026-02-15,Sunday service
AT02573,M0055,2026-02-15,Sunday service
AT02574,M0057,2026-02-15,Sunday service
AT02575,M0058,2026-02-15,Sunday service
AT02576,M0059,2026-02-15,Sunday service
AT02577,M0060,2026-02-15,Sunday service
AT02578,M0064,2026-02-15,Sunday service
AT02579,M0067,2026-02-15,Sunday service
AT02580,M0069,2026-02-15,Sunday service
AT02581,M0071,2026-02-15,Sunday service
AT02582,M0073,2026-02-15,Sunday service
AT02583,M0074,2026-02-15,Sunday service
AT02584,M0075,2026-02-15,Sunday service
AT02585,M0077,2026-02-15,Sunday service
AT02586,M0080,2026-02-15,Sunday service
AT02587,M0081,2026-02-15,Sunday service
AT02588,M0082,2026-02-15,Sunday service
AT02589,M0083,2026-02-15,Sunday service
AT02590,M0084,2026-02-15,Sunday service
AT02591,M0085,2026-02-15,Sunday service
AT02592,M0086,2026-02-15,Sunday service
AT02593,M0087,2026-02-15,Sunday service
AT02594,M0091,2026-02-15,Sunday service
AT02595,M0092,2026-02-15,Sunday service
AT02596,M0093,2026-02-15,Sunday service
AT02597,M0095,2026-02-15,Sunday service
AT02598,M0097,2026-02-15,Sunday service
AT02599,M0098,2026-02-15,Sunday service
AT02600,M0099,2026-02-15,Sunday service
AT02601,M0102,2026-02-15,Sunday service
AT02602,M0105,2026-02-15,Sunday service
AT02603,M0109,2026-02-15,Sunday service
AT02604,M0112,2026-02-15,Sunday service
AT02605,M0113,2026-02-15,Sunday service
AT02606,M0116,2026-02-15,Sunday service
AT02607,M0118,2026-02-15,Sunday service
AT02608,M0119,2026-02-15,Sunday service
AT02609,M0126,2026-02-15,Sunday service
AT02610,M0127,2026-02-15,Sunday service
AT02611,M0130,2026-02-15,Sunday service
AT02612,M0140,2026-02-15,Sunday service
AT02613,M0141,2026-02-15,Sunday service
AT02614,M0143,2026-02-15,Sunday service
AT02615,M0144,2026-02-15,Sunday service
AT02616,M0145,2026-02-15,Sunday service
AT02617,M0147,2026-02-15,Sunday service
AT02618,M0150,2026-02-15,Sunday service
AT02619,M0151,2026-02-15,Sunday service
AT02620,M0155,2026-02-15,Sunday service
AT02621,M0156,2026-02-15,Sunday service
AT02622,M0157,2026-02-15,Sunday service
AT02623,M0158,2026-02-15,Sunday service
AT02624,M0160,2026-02-15,Sunday service
AT02625,M0163,2026-02-15,Sunday service
AT02626,M0164,2026-02-15,Sunday service
AT02627,M0165,2026-02-15,Sunday service
AT02628,M0167,2026-02-15,Sunday service
AT02629,M0170,2026-02-15,Sunday service
AT02630,M0176,2026-02-15,Sunday service
AT02631,M0177,2026-02-15,Sunday service
AT02632,M0178,2026-02-15,Sunday service
AT02633,M0180,2026-02-15,Sunday service
AT02634,M0181,2026-02-15,Sunday service
AT02635,M0185,2026-02-15,Sunday service
AT02636,M0187,2026-02-15,Sunday service
AT02637,M0188,2026-02-15,Sunday service
AT02638,M0189,2026-02-15,Sunday service
AT02639,M0190,2026-02-15,Sunday service
AT02640,M0193,2026-02-15,Sunday service
AT02641,M0194,2026-02-15,Sunday service
AT02642,M0195,2026-02-15,Sunday service
AT02643,M0196,2026-02-15,Sunday service
AT02644,M0197,2026-02-15,Sunday service
AT02645,M0200,2026-02-15,Sunday service
AT02646,M0202,2026-02-15,Sunday service
AT02647,M0207,2026-02-15,Sunday service
AT02648,M0209,2026-02-15,Sunday service
AT02649,M0213,2026-02-15,Sunday service
AT02650,M0214,2026-02-15,Sunday service
AT02651,M0215,2026-02-15,Sunday service
AT02652,M0216,2026-02-15,Sunday service
AT02653,M0217,2026-02-15,Sunday service
AT02654,M0218,2026-02-15,Sunday service
AT02655,M0219,2026-02-15,Sunday service
AT02656,M0221,2026-02-15,Sunday service
AT02657,M0225,2026-02-15,Sunday service
AT02658,M0227,2026-02-15,Sunday service
AT02659,M0228,2026-02-15,Sunday service
AT02660,M0229,2026-02-15,Sunday service
AT02661,M0230,2026-02-15,Sunday service
AT02662,M0232,2026-02-15,Sunday service
AT02663,M0234,2026-02-15,Sunday service
AT02664,M0235,2026-02-15,Sunday service
AT02665,M0236,2026-02-15,Sunday service
AT02666,M0238,2026-02-15,Sunday service
AT02667,M0239,2026-02-15,Sunday service
AT02668,M0002,2026-02-22,Sunday service
AT02669,M0004,2026-02-22,Sunday service
AT02670,M0005,2026-02-22,Sunday service
AT02671,M0006,2026-02-22,Sunday service
AT02672,M0010,2026-02-22,Sunday service
AT02673,M0012,2026-02-22,Sunday service
AT02674,M0013,2026-02-22,Sunday service
AT02675,M0014,2026-02-22,Sunday service
AT02676,M0015,2026-02-22,Sunday service
AT02677,M0016,2026-02-22,Sunday service
AT02678,M0018,2026-02-22,Sunday service
AT02679,M0021,2026-02-22,Sunday service
AT02680,M0022,2026-02-22,Sunday service
AT02681,M0024,2026-02-22,Sunday service
AT02682,M0025,2026-02-22,Sunday service
AT02683,M0026,2026-02-22,Sunday service
AT02684,M0027,2026-02-22,Sunday service
AT02685,M0030,2026-02-22,Sunday service
AT02686,M0031,2026-02-22,Sunday service
AT02687,M0032,2026-02-22,Sunday service
AT02688,M0033,2026-02-22,Sunday service
AT02689,M0036,2026-02-22,Sunday service
AT02690,M0037,2026-02-22,Sunday service
AT02691,M0038,2026-02-22,Sunday service
AT02692,M0039,2026-02-22,Sunday service
AT02693,M0040,2026-02-22,Sunday service
AT02694,M0044,2026-02-22,Sunday service
AT02695,M0045,2026-02-22,Sunday service
AT02696,M0049,2026-02-22,Sunday service
AT02697,M0050,2026-02-22,Sunday service
AT02698,M0051,2026-02-22,Sunday service
AT02699,M0055,2026-02-22,Sunday service
AT02700,M0056,2026-02-22,Sunday service
AT02701,M0057,2026-02-22,Sunday service
AT02702,M0058,2026-02-22,Sunday service
AT02703,M0059,2026-02-22,Sunday service
AT02704,M0060,2026-02-22,Sunday service
AT02705,M0062,2026-02-22,Sunday service
AT02706,M0063,2026-02-22,Sunday service
AT02707,M0064,2026-02-22,Sunday service
AT02708,M0065,2026-02-22,Sunday service
AT02709,M0067,2026-02-22,Sunday service
AT02710,M0069,2026-02-22,Sunday service
AT02711,M0070,2026-02-22,Sunday service
AT02712,M0071,2026-02-22,Sunday service
AT02713,M0072,2026-02-22,Sunday service
AT02714,M0073,2026-02-22,Sunday service
AT02715,M0074,2026-02-22,Sunday service
AT02716,M0076,2026-02-22,Sunday service
AT02717,M0079,2026-02-22,Sunday service
AT02718,M0080,2026-02-22,Sunday service
AT02719,M0082,2026-02-22,Sunday service
AT02720,M0083,2026-02-22,Sunday service
AT02721,M0085,2026-02-22,Sunday service
AT02722,M0086,2026-02-22,Sunday service
AT02723,M0088,2026-02-22,Sunday service
AT02724,M0093,2026-02-22,Sunday service
AT02725,M0097,2026-02-22,Sunday service
AT02726,M0098,2026-02-22,Sunday service
AT02727,M0099,2026-02-22,Sunday service
AT02728,M0101,2026-02-22,Sunday service
AT02729,M0103,2026-02-22,Sunday service
AT02730,M0105,2026-02-22,Sunday service
AT02731,M0106,2026-02-22,Sunday service
AT02732,M0109,2026-02-22,Sunday service
AT02733,M0111,2026-02-22,Sunday service
AT02734,M0115,2026-02-22,Sunday service
AT02735,M0116,2026-02-22,Sunday service
AT02736,M0118,2026-02-22,Sunday service
AT02737,M0119,2026-02-22,Sunday service
AT02738,M0121,2026-02-22,Sunday service
AT02739,M0124,2026-02-22,Sunday service
AT02740,M0125,2026-02-22,Sunday service
AT02741,M0126,2026-02-22,Sunday service
AT02742,M0127,2026-02-22,Sunday service
AT02743,M0128,2026-02-22,Sunday service
AT02744,M0130,2026-02-22,Sunday service
AT02745,M0131,2026-02-22,Sunday service
AT02746,M0134,2026-02-22,Sunday service
AT02747,M0138,2026-02-22,Sunday service
AT02748,M0139,2026-02-22,Sunday service
AT02749,M0140,2026-02-22,Sunday service
AT02750,M0143,2026-02-22,Sunday service
AT02751,M0147,2026-02-22,Sunday service
AT02752,M0148,2026-02-22,Sunday service
AT02753,M0150,2026-02-22,Sunday service
AT02754,M0153,2026-02-22,Sunday service
AT02755,M0154,2026-02-22,Sunday service
AT02756,M0155,2026-02-22,Sunday service
AT02757,M0156,2026-02-22,Sunday service
AT02758,M0158,2026-02-22,Sunday service
AT02759,M0160,2026-02-22,Sunday service
AT02760,M0162,2026-02-22,Sunday service
AT02761,M0163,2026-02-22,Sunday service
AT02762,M0164,2026-02-22,Sunday service
AT02763,M0165,2026-02-22,Sunday service
AT02764,M0166,2026-02-22,Sunday service
AT02765,M0168,2026-02-22,Sunday service
AT02766,M0169,2026-02-22,Sunday service
AT02767,M0170,2026-02-22,Sunday service
AT02768,M0171,2026-02-22,Sunday service
AT02769,M0174,2026-02-22,Sunday service
AT02770,M0175,2026-02-22,Sunday service
AT02771,M0177,2026-02-22,Sunday service
AT02772,M0178,2026-02-22,Sunday service
AT02773,M0183,2026-02-22,Sunday service
AT02774,M0184,2026-02-22,Sunday service
AT02775,M0185,2026-02-22,Sunday service
AT02776,M0187,2026-02-22,Sunday service
AT02777,M0188,2026-02-22,Sunday service
AT02778,M0189,2026-02-22,Sunday service
AT02779,M0190,2026-02-22,Sunday service
AT02780,M0193,2026-02-22,Sunday service
AT02781,M0194,2026-02-22,Sunday service
AT02782,M0198,2026-02-22,Sunday service
AT02783,M0200,2026-02-22,Sunday service
AT02784,M0202,2026-02-22,Sunday service
AT02785,M0206,2026-02-22,Sunday service
AT02786,M0208,2026-02-22,Sunday service
AT02787,M0214,2026-02-22,Sunday service
AT02788,M0216,2026-02-22,Sunday service
AT02789,M0217,2026-02-22,Sunday service
AT02790,M0218,2026-02-22,Sunday service
AT02791,M0219,2026-02-22,Sunday service
AT02792,M0220,2026-02-22,Sunday service
AT02793,M0224,2026-02-22,Sunday service
AT02794,M0225,2026-02-22,Sunday service
AT02795,M0226,2026-02-22,Sunday service
AT02796,M0227,2026-02-22,Sunday service
AT02797,M0228,2026-02-22,Sunday service
AT02798,M0229,2026-02-22,Sunday service
AT02799,M0230,2026-02-22,Sunday service
AT02800,M0231,2026-02-22,Sunday service
AT02801,M0235,2026-02-22,Sunday service
AT02802,M0236,2026-02-22,Sunday service
AT02803,M0238,2026-02-22,Sunday service
AT02804,M0240,2026-02-22,Sunday service
AT02805,M0001,2026-03-01,Sunday service
AT02806,M0002,2026-03-01,Sunday service
AT02807,M0003,2026-03-01,Sunday service
AT02808,M0004,2026-03-01,Sunday service
AT02809,M0007,2026-03-01,Sunday service
AT02810,M0008,2026-03-01,Sunday service
AT02811,M0011,2026-03-01,Sunday service
AT02812,M0012,2026-03-01,Sunday service
AT02813,M0013,2026-03-01,Sunday service
AT02814,M0015,2026-03-01,Sunday service
AT02815,M0016,2026-03-01,Sunday service
AT02816,M0017,2026-03-01,Sunday service
AT02817,M0018,2026-03-01,Sunday service
AT02818,M0021,2026-03-01,Sunday service
AT02819,M0025,2026-03-01,Sunday service
AT02820,M0027,2026-03-01,Sunday service
AT02821,M0030,2026-03-01,Sunday service
AT02822,M0031,2026-03-01,Sunday service
AT02823,M0033,2026-03-01,Sunday service
AT02824,M0034,2026-03-01,Sunday service
AT02825,M0036,2026-03-01,Sunday service
AT02826,M0037,2026-03-01,Sunday service
AT02827,M0038,2026-03-01,Sunday service
AT02828,M0040,2026-03-01,Sunday service
AT02829,M0041,2026-03-01,Sunday service
AT02830,M0042,2026-03-01,Sunday service
AT02831,M0044,2026-03-01,Sunday service
AT02832,M0046,2026-03-01,Sunday service
AT02833,M0047,2026-03-01,Sunday service
AT02834,M0049,2026-03-01,Sunday service
AT02835,M0050,2026-03-01,Sunday service
AT02836,M0051,2026-03-01,Sunday service
AT02837,M0053,2026-03-01,Sunday service
AT02838,M0055,2026-03-01,Sunday service
AT02839,M0059,2026-03-01,Sunday service
AT02840,M0060,2026-03-01,Sunday service
AT02841,M0062,2026-03-01,Sunday service
AT02842,M0063,2026-03-01,Sunday service
AT02843,M0064,2026-03-01,Sunday service
AT02844,M0067,2026-03-01,Sunday service
AT02845,M0069,2026-03-01,Sunday service
AT02846,M0070,2026-03-01,Sunday service
AT02847,M0071,2026-03-01,Sunday service
AT02848,M0072,2026-03-01,Sunday service
AT02849,M0073,2026-03-01,Sunday service
AT02850,M0074,2026-03-01,Sunday service
AT02851,M0075,2026-03-01,Sunday service
AT02852,M0076,2026-03-01,Sunday service
AT02853,M0077,2026-03-01,Sunday service
AT02854,M0078,2026-03-01,Sunday service
AT02855,M0079,2026-03-01,Sunday service
AT02856,M0080,2026-03-01,Sunday service
AT02857,M0083,2026-03-01,Sunday service
AT02858,M0084,2026-03-01,Sunday service
AT02859,M0086,2026-03-01,Sunday service
AT02860,M0087,2026-03-01,Sunday service
AT02861,M0088,2026-03-01,Sunday service
AT02862,M0092,2026-03-01,Sunday service
AT02863,M0093,2026-03-01,Sunday service
AT02864,M0095,2026-03-01,Sunday service
AT02865,M0097,2026-03-01,Sunday service
AT02866,M0099,2026-03-01,Sunday service
AT02867,M0101,2026-03-01,Sunday service
AT02868,M0102,2026-03-01,Sunday service
AT02869,M0103,2026-03-01,Sunday service
AT02870,M0104,2026-03-01,Sunday service
AT02871,M0105,2026-03-01,Sunday service
AT02872,M0106,2026-03-01,Sunday service
AT02873,M0107,2026-03-01,Sunday service
AT02874,M0108,2026-03-01,Sunday service
AT02875,M0113,2026-03-01,Sunday service
AT02876,M0114,2026-03-01,Sunday service
AT02877,M0116,2026-03-01,Sunday service
AT02878,M0118,2026-03-01,Sunday service
AT02879,M0119,2026-03-01,Sunday service
AT02880,M0123,2026-03-01,Sunday service
AT02881,M0124,2026-03-01,Sunday service
AT02882,M0125,2026-03-01,Sunday service
AT02883,M0126,2026-03-01,Sunday service
AT02884,M0128,2026-03-01,Sunday service
AT02885,M0130,2026-03-01,Sunday service
AT02886,M0131,2026-03-01,Sunday service
AT02887,M0132,2026-03-01,Sunday service
AT02888,M0138,2026-03-01,Sunday service
AT02889,M0139,2026-03-01,Sunday service
AT02890,M0140,2026-03-01,Sunday service
AT02891,M0143,2026-03-01,Sunday service
AT02892,M0145,2026-03-01,Sunday service
AT02893,M0147,2026-03-01,Sunday service
AT02894,M0150,2026-03-01,Sunday service
AT02895,M0153,2026-03-01,Sunday service
AT02896,M0155,2026-03-01,Sunday service
AT02897,M0156,2026-03-01,Sunday service
AT02898,M0158,2026-03-01,Sunday service
AT02899,M0160,2026-03-01,Sunday service
AT02900,M0162,2026-03-01,Sunday service
AT02901,M0164,2026-03-01,Sunday service
AT02902,M0165,2026-03-01,Sunday service
AT02903,M0166,2026-03-01,Sunday service
AT02904,M0168,2026-03-01,Sunday service
AT02905,M0169,2026-03-01,Sunday service
AT02906,M0174,2026-03-01,Sunday service
AT02907,M0178,2026-03-01,Sunday service
AT02908,M0185,2026-03-01,Sunday service
AT02909,M0186,2026-03-01,Sunday service
AT02910,M0187,2026-03-01,Sunday service
AT02911,M0188,2026-03-01,Sunday service
AT02912,M0189,2026-03-01,Sunday service
AT02913,M0190,2026-03-01,Sunday service
AT02914,M0191,2026-03-01,Sunday service
AT02915,M0193,2026-03-01,Sunday service
AT02916,M0194,2026-03-01,Sunday service
AT02917,M0195,2026-03-01,Sunday service
AT02918,M0197,2026-03-01,Sunday service
AT02919,M0198,2026-03-01,Sunday service
AT02920,M0200,2026-03-01,Sunday service
AT02921,M0201,2026-03-01,Sunday service
AT02922,M0204,2026-03-01,Sunday service
AT02923,M0205,2026-03-01,Sunday service
AT02924,M0206,2026-03-01,Sunday service
AT02925,M0207,2026-03-01,Sunday service
AT02926,M0208,2026-03-01,Sunday service
AT02927,M0209,2026-03-01,Sunday service
AT02928,M0210,2026-03-01,Sunday service
AT02929,M0211,2026-03-01,Sunday service
AT02930,M0213,2026-03-01,Sunday service
AT02931,M0215,2026-03-01,Sunday service
AT02932,M0216,2026-03-01,Sunday service
AT02933,M0217,2026-03-01,Sunday service
AT02934,M0218,2026-03-01,Sunday service
AT02935,M0220,2026-03-01,Sunday service
AT02936,M0221,2026-03-01,Sunday service
AT02937,M0224,2026-03-01,Sunday service
AT02938,M0227,2026-03-01,Sunday service
AT02939,M0229,2026-03-01,Sunday service
AT02940,M0230,2026-03-01,Sunday service
AT02941,M0231,2026-03-01,Sunday service
AT02942,M0232,2026-03-01,Sunday service
AT02943,M0234,2026-03-01,Sunday service
AT02944,M0235,2026-03-01,Sunday service
AT02945,M0237,2026-03-01,Sunday service
AT02946,M0238,2026-03-01,Sunday service
AT02947,M0240,2026-03-01,Sunday service
AT02948,M0001,2026-03-08,Sunday service
AT02949,M0002,2026-03-08,Sunday service
AT02950,M0003,2026-03-08,Sunday service
AT02951,M0004,2026-03-08,Sunday service
AT02952,M0005,2026-03-08,Sunday service
AT02953,M0006,2026-03-08,Sunday service
AT02954,M0007,2026-03-08,Sunday service
AT02955,M0009,2026-03-08,Sunday service
AT02956,M0010,2026-03-08,Sunday service
AT02957,M0013,2026-03-08,Sunday service
AT02958,M0014,2026-03-08,Sunday service
AT02959,M0015,2026-03-08,Sunday service
AT02960,M0016,2026-03-08,Sunday service
AT02961,M0017,2026-03-08,Sunday service
AT02962,M0018,2026-03-08,Sunday service
AT02963,M0024,2026-03-08,Sunday service
AT02964,M0026,2026-03-08,Sunday service
AT02965,M0027,2026-03-08,Sunday service
AT02966,M0030,2026-03-08,Sunday service
AT02967,M0033,2026-03-08,Sunday service
AT02968,M0036,2026-03-08,Sunday service
AT02969,M0037,2026-03-08,Sunday service
AT02970,M0038,2026-03-08,Sunday service
AT02971,M0039,2026-03-08,Sunday service
AT02972,M0040,2026-03-08,Sunday service
AT02973,M0044,2026-03-08,Sunday service
AT02974,M0045,2026-03-08,Sunday service
AT02975,M0051,2026-03-08,Sunday service
AT02976,M0055,2026-03-08,Sunday service
AT02977,M0056,2026-03-08,Sunday service
AT02978,M0058,2026-03-08,Sunday service
AT02979,M0059,2026-03-08,Sunday service
AT02980,M0060,2026-03-08,Sunday service
AT02981,M0061,2026-03-08,Sunday service
AT02982,M0062,2026-03-08,Sunday service
AT02983,M0064,2026-03-08,Sunday service
AT02984,M0065,2026-03-08,Sunday service
AT02985,M0067,2026-03-08,Sunday service
AT02986,M0069,2026-03-08,Sunday service
AT02987,M0070,2026-03-08,Sunday service
AT02988,M0071,2026-03-08,Sunday service
AT02989,M0073,2026-03-08,Sunday service
AT02990,M0075,2026-03-08,Sunday service
AT02991,M0076,2026-03-08,Sunday service
AT02992,M0077,2026-03-08,Sunday service
AT02993,M0078,2026-03-08,Sunday service
AT02994,M0080,2026-03-08,Sunday service
AT02995,M0082,2026-03-08,Sunday service
AT02996,M0083,2026-03-08,Sunday service
AT02997,M0084,2026-03-08,Sunday service
AT02998,M0085,2026-03-08,Sunday service
AT02999,M0086,2026-03-08,Sunday service
AT03000,M0095,2026-03-08,Sunday service
AT03001,M0097,2026-03-08,Sunday service
AT03002,M0098,2026-03-08,Sunday service
AT03003,M0099,2026-03-08,Sunday service
AT03004,M0101,2026-03-08,Sunday service
AT03005,M0103,2026-03-08,Sunday service
AT03006,M0104,2026-03-08,Sunday service
AT03007,M0106,2026-03-08,Sunday service
AT03008,M0107,2026-03-08,Sunday service
AT03009,M0109,2026-03-08,Sunday service
AT03010,M0113,2026-03-08,Sunday service
AT03011,M0114,2026-03-08,Sunday service
AT03012,M0115,2026-03-08,Sunday service
AT03013,M0116,2026-03-08,Sunday service
AT03014,M0118,2026-03-08,Sunday service
AT03015,M0119,2026-03-08,Sunday service
AT03016,M0123,2026-03-08,Sunday service
AT03017,M0124,2026-03-08,Sunday service
AT03018,M0125,2026-03-08,Sunday service
AT03019,M0126,2026-03-08,Sunday service
AT03020,M0128,2026-03-08,Sunday service
AT03021,M0129,2026-03-08,Sunday service
AT03022,M0138,2026-03-08,Sunday service
AT03023,M0139,2026-03-08,Sunday service
AT03024,M0140,2026-03-08,Sunday service
AT03025,M0141,2026-03-08,Sunday service
AT03026,M0143,2026-03-08,Sunday service
AT03027,M0144,2026-03-08,Sunday service
AT03028,M0145,2026-03-08,Sunday service
AT03029,M0147,2026-03-08,Sunday service
AT03030,M0149,2026-03-08,Sunday service
AT03031,M0154,2026-03-08,Sunday service
AT03032,M0155,2026-03-08,Sunday service
AT03033,M0156,2026-03-08,Sunday service
AT03034,M0158,2026-03-08,Sunday service
AT03035,M0160,2026-03-08,Sunday service
AT03036,M0162,2026-03-08,Sunday service
AT03037,M0164,2026-03-08,Sunday service
AT03038,M0165,2026-03-08,Sunday service
AT03039,M0168,2026-03-08,Sunday service
AT03040,M0170,2026-03-08,Sunday service
AT03041,M0171,2026-03-08,Sunday service
AT03042,M0174,2026-03-08,Sunday service
AT03043,M0175,2026-03-08,Sunday service
AT03044,M0177,2026-03-08,Sunday service
AT03045,M0180,2026-03-08,Sunday service
AT03046,M0181,2026-03-08,Sunday service
AT03047,M0183,2026-03-08,Sunday service
AT03048,M0185,2026-03-08,Sunday service
AT03049,M0186,2026-03-08,Sunday service
AT03050,M0188,2026-03-08,Sunday service
AT03051,M0189,2026-03-08,Sunday service
AT03052,M0190,2026-03-08,Sunday service
AT03053,M0193,2026-03-08,Sunday service
AT03054,M0197,2026-03-08,Sunday service
AT03055,M0198,2026-03-08,Sunday service
AT03056,M0200,2026-03-08,Sunday service
AT03057,M0201,2026-03-08,Sunday service
AT03058,M0204,2026-03-08,Sunday service
AT03059,M0205,2026-03-08,Sunday service
AT03060,M0206,2026-03-08,Sunday service
AT03061,M0207,2026-03-08,Sunday service
AT03062,M0209,2026-03-08,Sunday service
AT03063,M0210,2026-03-08,Sunday service
AT03064,M0215,2026-03-08,Sunday service
AT03065,M0216,2026-03-08,Sunday service
AT03066,M0217,2026-03-08,Sunday service
AT03067,M0218,2026-03-08,Sunday service
AT03068,M0219,2026-03-08,Sunday service
AT03069,M0220,2026-03-08,Sunday service
AT03070,M0221,2026-03-08,Sunday service
AT03071,M0224,2026-03-08,Sunday service
AT03072,M0225,2026-03-08,Sunday service
AT03073,M0226,2026-03-08,Sunday service
AT03074,M0229,2026-03-08,Sunday service
AT03075,M0230,2026-03-08,Sunday service
AT03076,M0231,2026-03-08,Sunday service
AT03077,M0232,2026-03-08,Sunday service
AT03078,M0234,2026-03-08,Sunday service
AT03079,M0235,2026-03-08,Sunday service
AT03080,M0236,2026-03-08,Sunday service
AT03081,M0238,2026-03-08,Sunday service
AT03082,M0239,2026-03-08,Sunday service
AT03083,M0240,2026-03-08,Sunday service
AT03084,M0001,2026-03-15,Sunday service
AT03085,M0002,2026-03-15,Sunday service
AT03086,M0003,2026-03-15,Sunday service
AT03087,M0004,2026-03-15,Sunday service
AT03088,M0006,2026-03-15,Sunday service
AT03089,M0008,2026-03-15,Sunday service
AT03090,M0010,2026-03-15,Sunday service
AT03091,M0011,2026-03-15,Sunday service
AT03092,M0015,2026-03-15,Sunday service
AT03093,M0016,2026-03-15,Sunday service
AT03094,M0018,2026-03-15,Sunday service
AT03095,M0019,2026-03-15,Sunday service
AT03096,M0024,2026-03-15,Sunday service
AT03097,M0026,2026-03-15,Sunday service
AT03098,M0027,2026-03-15,Sunday service
AT03099,M0030,2026-03-15,Sunday service
AT03100,M0031,2026-03-15,Sunday service
AT03101,M0032,2026-03-15,Sunday service
AT03102,M0033,2026-03-15,Sunday service
AT03103,M0034,2026-03-15,Sunday service
AT03104,M0036,2026-03-15,Sunday service
AT03105,M0037,2026-03-15,Sunday service
AT03106,M0038,2026-03-15,Sunday service
AT03107,M0039,2026-03-15,Sunday service
AT03108,M0040,2026-03-15,Sunday service
AT03109,M0042,2026-03-15,Sunday service
AT03110,M0044,2026-03-15,Sunday service
AT03111,M0045,2026-03-15,Sunday service
AT03112,M0046,2026-03-15,Sunday service
AT03113,M0048,2026-03-15,Sunday service
AT03114,M0049,2026-03-15,Sunday service
AT03115,M0050,2026-03-15,Sunday service
AT03116,M0055,2026-03-15,Sunday service
AT03117,M0056,2026-03-15,Sunday service
AT03118,M0057,2026-03-15,Sunday service
AT03119,M0058,2026-03-15,Sunday service
AT03120,M0059,2026-03-15,Sunday service
AT03121,M0060,2026-03-15,Sunday service
AT03122,M0062,2026-03-15,Sunday service
AT03123,M0063,2026-03-15,Sunday service
AT03124,M0064,2026-03-15,Sunday service
AT03125,M0065,2026-03-15,Sunday service
AT03126,M0067,2026-03-15,Sunday service
AT03127,M0069,2026-03-15,Sunday service
AT03128,M0070,2026-03-15,Sunday service
AT03129,M0071,2026-03-15,Sunday service
AT03130,M0073,2026-03-15,Sunday service
AT03131,M0074,2026-03-15,Sunday service
AT03132,M0075,2026-03-15,Sunday service
AT03133,M0076,2026-03-15,Sunday service
AT03134,M0077,2026-03-15,Sunday service
AT03135,M0078,2026-03-15,Sunday service
AT03136,M0079,2026-03-15,Sunday service
AT03137,M0080,2026-03-15,Sunday service
AT03138,M0083,2026-03-15,Sunday service
AT03139,M0084,2026-03-15,Sunday service
AT03140,M0088,2026-03-15,Sunday service
AT03141,M0091,2026-03-15,Sunday service
AT03142,M0092,2026-03-15,Sunday service
AT03143,M0093,2026-03-15,Sunday service
AT03144,M0097,2026-03-15,Sunday service
AT03145,M0098,2026-03-15,Sunday service
AT03146,M0099,2026-03-15,Sunday service
AT03147,M0102,2026-03-15,Sunday service
AT03148,M0104,2026-03-15,Sunday service
AT03149,M0105,2026-03-15,Sunday service
AT03150,M0106,2026-03-15,Sunday service
AT03151,M0109,2026-03-15,Sunday service
AT03152,M0113,2026-03-15,Sunday service
AT03153,M0115,2026-03-15,Sunday service
AT03154,M0116,2026-03-15,Sunday service
AT03155,M0118,2026-03-15,Sunday service
AT03156,M0119,2026-03-15,Sunday service
AT03157,M0126,2026-03-15,Sunday service
AT03158,M0131,2026-03-15,Sunday service
AT03159,M0134,2026-03-15,Sunday service
AT03160,M0136,2026-03-15,Sunday service
AT03161,M0137,2026-03-15,Sunday service
AT03162,M0140,2026-03-15,Sunday service
AT03163,M0141,2026-03-15,Sunday service
AT03164,M0143,2026-03-15,Sunday service
AT03165,M0144,2026-03-15,Sunday service
AT03166,M0145,2026-03-15,Sunday service
AT03167,M0147,2026-03-15,Sunday service
AT03168,M0148,2026-03-15,Sunday service
AT03169,M0150,2026-03-15,Sunday service
AT03170,M0153,2026-03-15,Sunday service
AT03171,M0154,2026-03-15,Sunday service
AT03172,M0155,2026-03-15,Sunday service
AT03173,M0156,2026-03-15,Sunday service
AT03174,M0158,2026-03-15,Sunday service
AT03175,M0160,2026-03-15,Sunday service
AT03176,M0162,2026-03-15,Sunday service
AT03177,M0164,2026-03-15,Sunday service
AT03178,M0165,2026-03-15,Sunday service
AT03179,M0167,2026-03-15,Sunday service
AT03180,M0168,2026-03-15,Sunday service
AT03181,M0169,2026-03-15,Sunday service
AT03182,M0170,2026-03-15,Sunday service
AT03183,M0172,2026-03-15,Sunday service
AT03184,M0174,2026-03-15,Sunday service
AT03185,M0175,2026-03-15,Sunday service
AT03186,M0177,2026-03-15,Sunday service
AT03187,M0178,2026-03-15,Sunday service
AT03188,M0180,2026-03-15,Sunday service
AT03189,M0183,2026-03-15,Sunday service
AT03190,M0185,2026-03-15,Sunday service
AT03191,M0186,2026-03-15,Sunday service
AT03192,M0187,2026-03-15,Sunday service
AT03193,M0188,2026-03-15,Sunday service
AT03194,M0190,2026-03-15,Sunday service
AT03195,M0193,2026-03-15,Sunday service
AT03196,M0195,2026-03-15,Sunday service
AT03197,M0197,2026-03-15,Sunday service
AT03198,M0198,2026-03-15,Sunday service
AT03199,M0200,2026-03-15,Sunday service
AT03200,M0204,2026-03-15,Sunday service
AT03201,M0207,2026-03-15,Sunday service
AT03202,M0208,2026-03-15,Sunday service
AT03203,M0209,2026-03-15,Sunday service
AT03204,M0210,2026-03-15,Sunday service
AT03205,M0213,2026-03-15,Sunday service
AT03206,M0214,2026-03-15,Sunday service
AT03207,M0215,2026-03-15,Sunday service
AT03208,M0216,2026-03-15,Sunday service
AT03209,M0217,2026-03-15,Sunday service
AT03210,M0219,2026-03-15,Sunday service
AT03211,M0220,2026-03-15,Sunday service
AT03212,M0221,2026-03-15,Sunday service
AT03213,M0227,2026-03-15,Sunday service
AT03214,M0228,2026-03-15,Sunday service
AT03215,M0229,2026-03-15,Sunday service
AT03216,M0231,2026-03-15,Sunday service
AT03217,M0235,2026-03-15,Sunday service
AT03218,M0236,2026-03-15,Sunday service
AT03219,M0237,2026-03-15,Sunday service
AT03220,M0238,2026-03-15,Sunday service
AT03221,M0240,2026-03-15,Sunday service
AT03222,M0001,2026-03-22,Sunday service
AT03223,M0002,2026-03-22,Sunday service
AT03224,M0004,2026-03-22,Sunday service
AT03225,M0010,2026-03-22,Sunday service
AT03226,M0011,2026-03-22,Sunday service
AT03227,M0012,2026-03-22,Sunday service
AT03228,M0013,2026-03-22,Sunday service
AT03229,M0014,2026-03-22,Sunday service
AT03230,M0015,2026-03-22,Sunday service
AT03231,M0016,2026-03-22,Sunday service
AT03232,M0017,2026-03-22,Sunday service
AT03233,M0023,2026-03-22,Sunday service
AT03234,M0025,2026-03-22,Sunday service
AT03235,M0030,2026-03-22,Sunday service
AT03236,M0031,2026-03-22,Sunday service
AT03237,M0033,2026-03-22,Sunday service
AT03238,M0035,2026-03-22,Sunday service
AT03239,M0036,2026-03-22,Sunday service
AT03240,M0037,2026-03-22,Sunday service
AT03241,M0038,2026-03-22,Sunday service
AT03242,M0039,2026-03-22,Sunday service
AT03243,M0040,2026-03-22,Sunday service
AT03244,M0044,2026-03-22,Sunday service
AT03245,M0055,2026-03-22,Sunday service
AT03246,M0056,2026-03-22,Sunday service
AT03247,M0057,2026-03-22,Sunday service
AT03248,M0058,2026-03-22,Sunday service
AT03249,M0060,2026-03-22,Sunday service
AT03250,M0061,2026-03-22,Sunday service
AT03251,M0063,2026-03-22,Sunday service
AT03252,M0069,2026-03-22,Sunday service
AT03253,M0070,2026-03-22,Sunday service
AT03254,M0073,2026-03-22,Sunday service
AT03255,M0074,2026-03-22,Sunday service
AT03256,M0075,2026-03-22,Sunday service
AT03257,M0076,2026-03-22,Sunday service
AT03258,M0077,2026-03-22,Sunday service
AT03259,M0078,2026-03-22,Sunday service
AT03260,M0080,2026-03-22,Sunday service
AT03261,M0082,2026-03-22,Sunday service
AT03262,M0083,2026-03-22,Sunday service
AT03263,M0084,2026-03-22,Sunday service
AT03264,M0085,2026-03-22,Sunday service
AT03265,M0086,2026-03-22,Sunday service
AT03266,M0087,2026-03-22,Sunday service
AT03267,M0088,2026-03-22,Sunday service
AT03268,M0093,2026-03-22,Sunday service
AT03269,M0094,2026-03-22,Sunday service
AT03270,M0095,2026-03-22,Sunday service
AT03271,M0097,2026-03-22,Sunday service
AT03272,M0099,2026-03-22,Sunday service
AT03273,M0100,2026-03-22,Sunday service
AT03274,M0101,2026-03-22,Sunday service
AT03275,M0103,2026-03-22,Sunday service
AT03276,M0104,2026-03-22,Sunday service
AT03277,M0105,2026-03-22,Sunday service
AT03278,M0106,2026-03-22,Sunday service
AT03279,M0109,2026-03-22,Sunday service
AT03280,M0113,2026-03-22,Sunday service
AT03281,M0115,2026-03-22,Sunday service
AT03282,M0116,2026-03-22,Sunday service
AT03283,M0118,2026-03-22,Sunday service
AT03284,M0119,2026-03-22,Sunday service
AT03285,M0121,2026-03-22,Sunday service
AT03286,M0124,2026-03-22,Sunday service
AT03287,M0125,2026-03-22,Sunday service
AT03288,M0126,2026-03-22,Sunday service
AT03289,M0132,2026-03-22,Sunday service
AT03290,M0134,2026-03-22,Sunday service
AT03291,M0137,2026-03-22,Sunday service
AT03292,M0138,2026-03-22,Sunday service
AT03293,M0139,2026-03-22,Sunday service
AT03294,M0143,2026-03-22,Sunday service
AT03295,M0147,2026-03-22,Sunday service
AT03296,M0148,2026-03-22,Sunday service
AT03297,M0149,2026-03-22,Sunday service
AT03298,M0150,2026-03-22,Sunday service
AT03299,M0151,2026-03-22,Sunday service
AT03300,M0153,2026-03-22,Sunday service
AT03301,M0154,2026-03-22,Sunday service
AT03302,M0155,2026-03-22,Sunday service
AT03303,M0156,2026-03-22,Sunday service
AT03304,M0158,2026-03-22,Sunday service
AT03305,M0162,2026-03-22,Sunday service
AT03306,M0164,2026-03-22,Sunday service
AT03307,M0165,2026-03-22,Sunday service
AT03308,M0166,2026-03-22,Sunday service
AT03309,M0167,2026-03-22,Sunday service
AT03310,M0169,2026-03-22,Sunday service
AT03311,M0170,2026-03-22,Sunday service
AT03312,M0174,2026-03-22,Sunday service
AT03313,M0175,2026-03-22,Sunday service
AT03314,M0176,2026-03-22,Sunday service
AT03315,M0178,2026-03-22,Sunday service
AT03316,M0181,2026-03-22,Sunday service
AT03317,M0183,2026-03-22,Sunday service
AT03318,M0185,2026-03-22,Sunday service
AT03319,M0186,2026-03-22,Sunday service
AT03320,M0187,2026-03-22,Sunday service
AT03321,M0189,2026-03-22,Sunday service
AT03322,M0190,2026-03-22,Sunday service
AT03323,M0191,2026-03-22,Sunday service
AT03324,M0195,2026-03-22,Sunday service
AT03325,M0196,2026-03-22,Sunday service
AT03326,M0197,2026-03-22,Sunday service
AT03327,M0198,2026-03-22,Sunday service
AT03328,M0200,2026-03-22,Sunday service
AT03329,M0201,2026-03-22,Sunday service
AT03330,M0204,2026-03-22,Sunday service
AT03331,M0205,2026-03-22,Sunday service
AT03332,M0206,2026-03-22,Sunday service
AT03333,M0207,2026-03-22,Sunday service
AT03334,M0208,2026-03-22,Sunday service
AT03335,M0210,2026-03-22,Sunday service
AT03336,M0211,2026-03-22,Sunday service
AT03337,M0213,2026-03-22,Sunday service
AT03338,M0214,2026-03-22,Sunday service
AT03339,M0215,2026-03-22,Sunday service
AT03340,M0216,2026-03-22,Sunday service
AT03341,M0217,2026-03-22,Sunday service
AT03342,M0218,2026-03-22,Sunday service
AT03343,M0220,2026-03-22,Sunday service
AT03344,M0221,2026-03-22,Sunday service
AT03345,M0224,2026-03-22,Sunday service
AT03346,M0225,2026-03-22,Sunday service
AT03347,M0227,2026-03-22,Sunday service
AT03348,M0228,2026-03-22,Sunday service
AT03349,M0230,2026-03-22,Sunday service
AT03350,M0231,2026-03-22,Sunday service
AT03351,M0232,2026-03-22,Sunday service
AT03352,M0235,2026-03-22,Sunday service
AT03353,M0236,2026-03-22,Sunday service
AT03354,M0238,2026-03-22,Sunday service
AT03355,M0239,2026-03-22,Sunday service
AT03356,M0240,2026-03-22,Sunday service
AT03357,M0001,2026-03-29,Sunday service
AT03358,M0002,2026-03-29,Sunday service
AT03359,M0003,2026-03-29,Sunday service
AT03360,M0008,2026-03-29,Sunday service
AT03361,M0010,2026-03-29,Sunday service
AT03362,M0011,2026-03-29,Sunday service
AT03363,M0012,2026-03-29,Sunday service
AT03364,M0015,2026-03-29,Sunday service
AT03365,M0016,2026-03-29,Sunday service
AT03366,M0018,2026-03-29,Sunday service
AT03367,M0021,2026-03-29,Sunday service
AT03368,M0023,2026-03-29,Sunday service
AT03369,M0024,2026-03-29,Sunday service
AT03370,M0025,2026-03-29,Sunday service
AT03371,M0026,2026-03-29,Sunday service
AT03372,M0027,2026-03-29,Sunday service
AT03373,M0029,2026-03-29,Sunday service
AT03374,M0030,2026-03-29,Sunday service
AT03375,M0031,2026-03-29,Sunday service
AT03376,M0033,2026-03-29,Sunday service
AT03377,M0036,2026-03-29,Sunday service
AT03378,M0039,2026-03-29,Sunday service
AT03379,M0044,2026-03-29,Sunday service
AT03380,M0048,2026-03-29,Sunday service
AT03381,M0049,2026-03-29,Sunday service
AT03382,M0050,2026-03-29,Sunday service
AT03383,M0051,2026-03-29,Sunday service
AT03384,M0055,2026-03-29,Sunday service
AT03385,M0056,2026-03-29,Sunday service
AT03386,M0057,2026-03-29,Sunday service
AT03387,M0058,2026-03-29,Sunday service
AT03388,M0059,2026-03-29,Sunday service
AT03389,M0060,2026-03-29,Sunday service
AT03390,M0061,2026-03-29,Sunday service
AT03391,M0062,2026-03-29,Sunday service
AT03392,M0070,2026-03-29,Sunday service
AT03393,M0071,2026-03-29,Sunday service
AT03394,M0072,2026-03-29,Sunday service
AT03395,M0075,2026-03-29,Sunday service
AT03396,M0076,2026-03-29,Sunday service
AT03397,M0077,2026-03-29,Sunday service
AT03398,M0078,2026-03-29,Sunday service
AT03399,M0079,2026-03-29,Sunday service
AT03400,M0080,2026-03-29,Sunday service
AT03401,M0082,2026-03-29,Sunday service
AT03402,M0083,2026-03-29,Sunday service
AT03403,M0086,2026-03-29,Sunday service
AT03404,M0088,2026-03-29,Sunday service
AT03405,M0091,2026-03-29,Sunday service
AT03406,M0092,2026-03-29,Sunday service
AT03407,M0093,2026-03-29,Sunday service
AT03408,M0095,2026-03-29,Sunday service
AT03409,M0099,2026-03-29,Sunday service
AT03410,M0100,2026-03-29,Sunday service
AT03411,M0104,2026-03-29,Sunday service
AT03412,M0105,2026-03-29,Sunday service
AT03413,M0106,2026-03-29,Sunday service
AT03414,M0109,2026-03-29,Sunday service
AT03415,M0113,2026-03-29,Sunday service
AT03416,M0119,2026-03-29,Sunday service
AT03417,M0123,2026-03-29,Sunday service
AT03418,M0124,2026-03-29,Sunday service
AT03419,M0126,2026-03-29,Sunday service
AT03420,M0127,2026-03-29,Sunday service
AT03421,M0128,2026-03-29,Sunday service
AT03422,M0130,2026-03-29,Sunday service
AT03423,M0132,2026-03-29,Sunday service
AT03424,M0134,2026-03-29,Sunday service
AT03425,M0136,2026-03-29,Sunday service
AT03426,M0138,2026-03-29,Sunday service
AT03427,M0139,2026-03-29,Sunday service
AT03428,M0140,2026-03-29,Sunday service
AT03429,M0149,2026-03-29,Sunday service
AT03430,M0151,2026-03-29,Sunday service
AT03431,M0153,2026-03-29,Sunday service
AT03432,M0154,2026-03-29,Sunday service
AT03433,M0155,2026-03-29,Sunday service
AT03434,M0156,2026-03-29,Sunday service
AT03435,M0158,2026-03-29,Sunday service
AT03436,M0160,2026-03-29,Sunday service
AT03437,M0162,2026-03-29,Sunday service
AT03438,M0164,2026-03-29,Sunday service
AT03439,M0165,2026-03-29,Sunday service
AT03440,M0166,2026-03-29,Sunday service
AT03441,M0168,2026-03-29,Sunday service
AT03442,M0169,2026-03-29,Sunday service
AT03443,M0171,2026-03-29,Sunday service
AT03444,M0174,2026-03-29,Sunday service
AT03445,M0175,2026-03-29,Sunday service
AT03446,M0177,2026-03-29,Sunday service
AT03447,M0178,2026-03-29,Sunday service
AT03448,M0180,2026-03-29,Sunday service
AT03449,M0182,2026-03-29,Sunday service
AT03450,M0183,2026-03-29,Sunday service
AT03451,M0185,2026-03-29,Sunday service
AT03452,M0187,2026-03-29,Sunday service
AT03453,M0188,2026-03-29,Sunday service
AT03454,M0189,2026-03-29,Sunday service
AT03455,M0193,2026-03-29,Sunday service
AT03456,M0197,2026-03-29,Sunday service
AT03457,M0198,2026-03-29,Sunday service
AT03458,M0201,2026-03-29,Sunday service
AT03459,M0204,2026-03-29,Sunday service
AT03460,M0206,2026-03-29,Sunday service
AT03461,M0207,2026-03-29,Sunday service
AT03462,M0208,2026-03-29,Sunday service
AT03463,M0209,2026-03-29,Sunday service
AT03464,M0210,2026-03-29,Sunday service
AT03465,M0211,2026-03-29,Sunday service
AT03466,M0213,2026-03-29,Sunday service
AT03467,M0215,2026-03-29,Sunday service
AT03468,M0216,2026-03-29,Sunday service
AT03469,M0217,2026-03-29,Sunday service
AT03470,M0219,2026-03-29,Sunday service
AT03471,M0220,2026-03-29,Sunday service
AT03472,M0221,2026-03-29,Sunday service
AT03473,M0224,2026-03-29,Sunday service
AT03474,M0225,2026-03-29,Sunday service
AT03475,M0226,2026-03-29,Sunday service
AT03476,M0227,2026-03-29,Sunday service
AT03477,M0228,2026-03-29,Sunday service
AT03478,M0229,2026-03-29,Sunday service
AT03479,M0234,2026-03-29,Sunday service
AT03480,M0235,2026-03-29,Sunday service
AT03481,M0236,2026-03-29,Sunday service
AT03482,M0237,2026-03-29,Sunday service
AT03483,M0001,2026-04-05,Sunday service
AT03484,M0003,2026-04-05,Sunday service
AT03485,M0004,2026-04-05,Sunday service
AT03486,M0006,2026-04-05,Sunday service
AT03487,M0008,2026-04-05,Sunday service
AT03488,M0010,2026-04-05,Sunday service
AT03489,M0011,2026-04-05,Sunday service
AT03490,M0012,2026-04-05,Sunday service
AT03491,M0013,2026-04-05,Sunday service
AT03492,M0014,2026-04-05,Sunday service
AT03493,M0017,2026-04-05,Sunday service
AT03494,M0018,2026-04-05,Sunday service
AT03495,M0022,2026-04-05,Sunday service
AT03496,M0023,2026-04-05,Sunday service
AT03497,M0024,2026-04-05,Sunday service
AT03498,M0026,2026-04-05,Sunday service
AT03499,M0031,2026-04-05,Sunday service
AT03500,M0033,2026-04-05,Sunday service
AT03501,M0036,2026-04-05,Sunday service
AT03502,M0038,2026-04-05,Sunday service
AT03503,M0039,2026-04-05,Sunday service
AT03504,M0040,2026-04-05,Sunday service
AT03505,M0042,2026-04-05,Sunday service
AT03506,M0045,2026-04-05,Sunday service
AT03507,M0048,2026-04-05,Sunday service
AT03508,M0049,2026-04-05,Sunday service
AT03509,M0050,2026-04-05,Sunday service
AT03510,M0051,2026-04-05,Sunday service
AT03511,M0053,2026-04-05,Sunday service
AT03512,M0055,2026-04-05,Sunday service
AT03513,M0056,2026-04-05,Sunday service
AT03514,M0059,2026-04-05,Sunday service
AT03515,M0060,2026-04-05,Sunday service
AT03516,M0062,2026-04-05,Sunday service
AT03517,M0063,2026-04-05,Sunday service
AT03518,M0065,2026-04-05,Sunday service
AT03519,M0067,2026-04-05,Sunday service
AT03520,M0069,2026-04-05,Sunday service
AT03521,M0072,2026-04-05,Sunday service
AT03522,M0073,2026-04-05,Sunday service
AT03523,M0075,2026-04-05,Sunday service
AT03524,M0076,2026-04-05,Sunday service
AT03525,M0077,2026-04-05,Sunday service
AT03526,M0078,2026-04-05,Sunday service
AT03527,M0079,2026-04-05,Sunday service
AT03528,M0080,2026-04-05,Sunday service
AT03529,M0084,2026-04-05,Sunday service
AT03530,M0085,2026-04-05,Sunday service
AT03531,M0086,2026-04-05,Sunday service
AT03532,M0087,2026-04-05,Sunday service
AT03533,M0088,2026-04-05,Sunday service
AT03534,M0089,2026-04-05,Sunday service
AT03535,M0093,2026-04-05,Sunday service
AT03536,M0094,2026-04-05,Sunday service
AT03537,M0095,2026-04-05,Sunday service
AT03538,M0098,2026-04-05,Sunday service
AT03539,M0099,2026-04-05,Sunday service
AT03540,M0101,2026-04-05,Sunday service
AT03541,M0102,2026-04-05,Sunday service
AT03542,M0103,2026-04-05,Sunday service
AT03543,M0104,2026-04-05,Sunday service
AT03544,M0107,2026-04-05,Sunday service
AT03545,M0108,2026-04-05,Sunday service
AT03546,M0109,2026-04-05,Sunday service
AT03547,M0111,2026-04-05,Sunday service
AT03548,M0112,2026-04-05,Sunday service
AT03549,M0113,2026-04-05,Sunday service
AT03550,M0114,2026-04-05,Sunday service
AT03551,M0115,2026-04-05,Sunday service
AT03552,M0116,2026-04-05,Sunday service
AT03553,M0118,2026-04-05,Sunday service
AT03554,M0119,2026-04-05,Sunday service
AT03555,M0121,2026-04-05,Sunday service
AT03556,M0126,2026-04-05,Sunday service
AT03557,M0128,2026-04-05,Sunday service
AT03558,M0129,2026-04-05,Sunday service
AT03559,M0131,2026-04-05,Sunday service
AT03560,M0133,2026-04-05,Sunday service
AT03561,M0137,2026-04-05,Sunday service
AT03562,M0138,2026-04-05,Sunday service
AT03563,M0139,2026-04-05,Sunday service
AT03564,M0140,2026-04-05,Sunday service
AT03565,M0144,2026-04-05,Sunday service
AT03566,M0145,2026-04-05,Sunday service
AT03567,M0147,2026-04-05,Sunday service
AT03568,M0149,2026-04-05,Sunday service
AT03569,M0150,2026-04-05,Sunday service
AT03570,M0153,2026-04-05,Sunday service
AT03571,M0154,2026-04-05,Sunday service
AT03572,M0155,2026-04-05,Sunday service
AT03573,M0156,2026-04-05,Sunday service
AT03574,M0157,2026-04-05,Sunday service
AT03575,M0160,2026-04-05,Sunday service
AT03576,M0162,2026-04-05,Sunday service
AT03577,M0164,2026-04-05,Sunday service
AT03578,M0168,2026-04-05,Sunday service
AT03579,M0171,2026-04-05,Sunday service
AT03580,M0174,2026-04-05,Sunday service
AT03581,M0175,2026-04-05,Sunday service
AT03582,M0177,2026-04-05,Sunday service
AT03583,M0178,2026-04-05,Sunday service
AT03584,M0183,2026-04-05,Sunday service
AT03585,M0184,2026-04-05,Sunday service
AT03586,M0185,2026-04-05,Sunday service
AT03587,M0186,2026-04-05,Sunday service
AT03588,M0188,2026-04-05,Sunday service
AT03589,M0189,2026-04-05,Sunday service
AT03590,M0190,2026-04-05,Sunday service
AT03591,M0191,2026-04-05,Sunday service
AT03592,M0193,2026-04-05,Sunday service
AT03593,M0195,2026-04-05,Sunday service
AT03594,M0196,2026-04-05,Sunday service
AT03595,M0197,2026-04-05,Sunday service
AT03596,M0198,2026-04-05,Sunday service
AT03597,M0200,2026-04-05,Sunday service
AT03598,M0201,2026-04-05,Sunday service
AT03599,M0202,2026-04-05,Sunday service
AT03600,M0206,2026-04-05,Sunday service
AT03601,M0207,2026-04-05,Sunday service
AT03602,M0208,2026-04-05,Sunday service
AT03603,M0210,2026-04-05,Sunday service
AT03604,M0211,2026-04-05,Sunday service
AT03605,M0213,2026-04-05,Sunday service
AT03606,M0215,2026-04-05,Sunday service
AT03607,M0217,2026-04-05,Sunday service
AT03608,M0218,2026-04-05,Sunday service
AT03609,M0219,2026-04-05,Sunday service
AT03610,M0220,2026-04-05,Sunday service
AT03611,M0221,2026-04-05,Sunday service
AT03612,M0224,2026-04-05,Sunday service
AT03613,M0225,2026-04-05,Sunday service
AT03614,M0226,2026-04-05,Sunday service
AT03615,M0227,2026-04-05,Sunday service
AT03616,M0228,2026-04-05,Sunday service
AT03617,M0229,2026-04-05,Sunday service
AT03618,M0230,2026-04-05,Sunday service
AT03619,M0236,2026-04-05,Sunday service
AT03620,M0237,2026-04-05,Sunday service
AT03621,M0239,2026-04-05,Sunday service
AT03622,M0240,2026-04-05,Sunday service
AT03623,M0002,2026-04-12,Sunday service
AT03624,M0003,2026-04-12,Sunday service
AT03625,M0004,2026-04-12,Sunday service
AT03626,M0005,2026-04-12,Sunday service
AT03627,M0006,2026-04-12,Sunday service
AT03628,M0008,2026-04-12,Sunday service
AT03629,M0010,2026-04-12,Sunday service
AT03630,M0011,2026-04-12,Sunday service
AT03631,M0012,2026-04-12,Sunday service
AT03632,M0016,2026-04-12,Sunday service
AT03633,M0017,2026-04-12,Sunday service
AT03634,M0019,2026-04-12,Sunday service
AT03635,M0021,2026-04-12,Sunday service
AT03636,M0023,2026-04-12,Sunday service
AT03637,M0024,2026-04-12,Sunday service
AT03638,M0026,2026-04-12,Sunday service
AT03639,M0027,2026-04-12,Sunday service
AT03640,M0030,2026-04-12,Sunday service
AT03641,M0032,2026-04-12,Sunday service
AT03642,M0033,2026-04-12,Sunday service
AT03643,M0036,2026-04-12,Sunday service
AT03644,M0039,2026-04-12,Sunday service
AT03645,M0042,2026-04-12,Sunday service
AT03646,M0046,2026-04-12,Sunday service
AT03647,M0047,2026-04-12,Sunday service
AT03648,M0049,2026-04-12,Sunday service
AT03649,M0050,2026-04-12,Sunday service
AT03650,M0051,2026-04-12,Sunday service
AT03651,M0053,2026-04-12,Sunday service
AT03652,M0055,2026-04-12,Sunday service
AT03653,M0056,2026-04-12,Sunday service
AT03654,M0058,2026-04-12,Sunday service
AT03655,M0062,2026-04-12,Sunday service
AT03656,M0063,2026-04-12,Sunday service
AT03657,M0064,2026-04-12,Sunday service
AT03658,M0065,2026-04-12,Sunday service
AT03659,M0067,2026-04-12,Sunday service
AT03660,M0069,2026-04-12,Sunday service
AT03661,M0070,2026-04-12,Sunday service
AT03662,M0073,2026-04-12,Sunday service
AT03663,M0075,2026-04-12,Sunday service
AT03664,M0077,2026-04-12,Sunday service
AT03665,M0078,2026-04-12,Sunday service
AT03666,M0079,2026-04-12,Sunday service
AT03667,M0080,2026-04-12,Sunday service
AT03668,M0083,2026-04-12,Sunday service
AT03669,M0084,2026-04-12,Sunday service
AT03670,M0088,2026-04-12,Sunday service
AT03671,M0089,2026-04-12,Sunday service
AT03672,M0091,2026-04-12,Sunday service
AT03673,M0092,2026-04-12,Sunday service
AT03674,M0093,2026-04-12,Sunday service
AT03675,M0094,2026-04-12,Sunday service
AT03676,M0095,2026-04-12,Sunday service
AT03677,M0097,2026-04-12,Sunday service
AT03678,M0099,2026-04-12,Sunday service
AT03679,M0103,2026-04-12,Sunday service
AT03680,M0105,2026-04-12,Sunday service
AT03681,M0106,2026-04-12,Sunday service
AT03682,M0109,2026-04-12,Sunday service
AT03683,M0113,2026-04-12,Sunday service
AT03684,M0116,2026-04-12,Sunday service
AT03685,M0118,2026-04-12,Sunday service
AT03686,M0119,2026-04-12,Sunday service
AT03687,M0123,2026-04-12,Sunday service
AT03688,M0125,2026-04-12,Sunday service
AT03689,M0126,2026-04-12,Sunday service
AT03690,M0127,2026-04-12,Sunday service
AT03691,M0130,2026-04-12,Sunday service
AT03692,M0131,2026-04-12,Sunday service
AT03693,M0132,2026-04-12,Sunday service
AT03694,M0134,2026-04-12,Sunday service
AT03695,M0138,2026-04-12,Sunday service
AT03696,M0139,2026-04-12,Sunday service
AT03697,M0140,2026-04-12,Sunday service
AT03698,M0141,2026-04-12,Sunday service
AT03699,M0143,2026-04-12,Sunday service
AT03700,M0144,2026-04-12,Sunday service
AT03701,M0145,2026-04-12,Sunday service
AT03702,M0150,2026-04-12,Sunday service
AT03703,M0154,2026-04-12,Sunday service
AT03704,M0155,2026-04-12,Sunday service
AT03705,M0156,2026-04-12,Sunday service
AT03706,M0158,2026-04-12,Sunday service
AT03707,M0159,2026-04-12,Sunday service
AT03708,M0160,2026-04-12,Sunday service
AT03709,M0162,2026-04-12,Sunday service
AT03710,M0163,2026-04-12,Sunday service
AT03711,M0164,2026-04-12,Sunday service
AT03712,M0165,2026-04-12,Sunday service
AT03713,M0166,2026-04-12,Sunday service
AT03714,M0167,2026-04-12,Sunday service
AT03715,M0169,2026-04-12,Sunday service
AT03716,M0170,2026-04-12,Sunday service
AT03717,M0172,2026-04-12,Sunday service
AT03718,M0174,2026-04-12,Sunday service
AT03719,M0175,2026-04-12,Sunday service
AT03720,M0176,2026-04-12,Sunday service
AT03721,M0177,2026-04-12,Sunday service
AT03722,M0178,2026-04-12,Sunday service
AT03723,M0180,2026-04-12,Sunday service
AT03724,M0181,2026-04-12,Sunday service
AT03725,M0182,2026-04-12,Sunday service
AT03726,M0183,2026-04-12,Sunday service
AT03727,M0184,2026-04-12,Sunday service
AT03728,M0186,2026-04-12,Sunday service
AT03729,M0187,2026-04-12,Sunday service
AT03730,M0188,2026-04-12,Sunday service
AT03731,M0189,2026-04-12,Sunday service
AT03732,M0190,2026-04-12,Sunday service
AT03733,M0193,2026-04-12,Sunday service
AT03734,M0196,2026-04-12,Sunday service
AT03735,M0197,2026-04-12,Sunday service
AT03736,M0201,2026-04-12,Sunday service
AT03737,M0202,2026-04-12,Sunday service
AT03738,M0206,2026-04-12,Sunday service
AT03739,M0208,2026-04-12,Sunday service
AT03740,M0209,2026-04-12,Sunday service
AT03741,M0210,2026-04-12,Sunday service
AT03742,M0213,2026-04-12,Sunday service
AT03743,M0214,2026-04-12,Sunday service
AT03744,M0215,2026-04-12,Sunday service
AT03745,M0216,2026-04-12,Sunday service
AT03746,M0218,2026-04-12,Sunday service
AT03747,M0219,2026-04-12,Sunday service
AT03748,M0220,2026-04-12,Sunday service
AT03749,M0221,2026-04-12,Sunday service
AT03750,M0224,2026-04-12,Sunday service
AT03751,M0225,2026-04-12,Sunday service
AT03752,M0227,2026-04-12,Sunday service
AT03753,M0230,2026-04-12,Sunday service
AT03754,M0234,2026-04-12,Sunday service
AT03755,M0235,2026-04-12,Sunday service
AT03756,M0237,2026-04-12,Sunday service
AT03757,M0238,2026-04-12,Sunday service
AT03758,M0239,2026-04-12,Sunday service
AT03759,M0240,2026-04-12,Sunday service
AT03760,M0001,2026-04-19,Sunday service
AT03761,M0003,2026-04-19,Sunday service
AT03762,M0004,2026-04-19,Sunday service
AT03763,M0008,2026-04-19,Sunday service
AT03764,M0010,2026-04-19,Sunday service
AT03765,M0011,2026-04-19,Sunday service
AT03766,M0013,2026-04-19,Sunday service
AT03767,M0015,2026-04-19,Sunday service
AT03768,M0017,2026-04-19,Sunday service
AT03769,M0018,2026-04-19,Sunday service
AT03770,M0019,2026-04-19,Sunday service
AT03771,M0023,2026-04-19,Sunday service
AT03772,M0024,2026-04-19,Sunday service
AT03773,M0025,2026-04-19,Sunday service
AT03774,M0026,2026-04-19,Sunday service
AT03775,M0031,2026-04-19,Sunday service
AT03776,M0033,2026-04-19,Sunday service
AT03777,M0034,2026-04-19,Sunday service
AT03778,M0038,2026-04-19,Sunday service
AT03779,M0039,2026-04-19,Sunday service
AT03780,M0040,2026-04-19,Sunday service
AT03781,M0041,2026-04-19,Sunday service
AT03782,M0044,2026-04-19,Sunday service
AT03783,M0045,2026-04-19,Sunday service
AT03784,M0048,2026-04-19,Sunday service
AT03785,M0049,2026-04-19,Sunday service
AT03786,M0050,2026-04-19,Sunday service
AT03787,M0055,2026-04-19,Sunday service
AT03788,M0059,2026-04-19,Sunday service
AT03789,M0060,2026-04-19,Sunday service
AT03790,M0061,2026-04-19,Sunday service
AT03791,M0063,2026-04-19,Sunday service
AT03792,M0067,2026-04-19,Sunday service
AT03793,M0069,2026-04-19,Sunday service
AT03794,M0070,2026-04-19,Sunday service
AT03795,M0071,2026-04-19,Sunday service
AT03796,M0072,2026-04-19,Sunday service
AT03797,M0073,2026-04-19,Sunday service
AT03798,M0074,2026-04-19,Sunday service
AT03799,M0076,2026-04-19,Sunday service
AT03800,M0077,2026-04-19,Sunday service
AT03801,M0078,2026-04-19,Sunday service
AT03802,M0079,2026-04-19,Sunday service
AT03803,M0080,2026-04-19,Sunday service
AT03804,M0082,2026-04-19,Sunday service
AT03805,M0083,2026-04-19,Sunday service
AT03806,M0084,2026-04-19,Sunday service
AT03807,M0085,2026-04-19,Sunday service
AT03808,M0086,2026-04-19,Sunday service
AT03809,M0089,2026-04-19,Sunday service
AT03810,M0091,2026-04-19,Sunday service
AT03811,M0093,2026-04-19,Sunday service
AT03812,M0094,2026-04-19,Sunday service
AT03813,M0095,2026-04-19,Sunday service
AT03814,M0097,2026-04-19,Sunday service
AT03815,M0099,2026-04-19,Sunday service
AT03816,M0102,2026-04-19,Sunday service
AT03817,M0103,2026-04-19,Sunday service
AT03818,M0105,2026-04-19,Sunday service
AT03819,M0106,2026-04-19,Sunday service
AT03820,M0107,2026-04-19,Sunday service
AT03821,M0111,2026-04-19,Sunday service
AT03822,M0113,2026-04-19,Sunday service
AT03823,M0116,2026-04-19,Sunday service
AT03824,M0118,2026-04-19,Sunday service
AT03825,M0119,2026-04-19,Sunday service
AT03826,M0121,2026-04-19,Sunday service
AT03827,M0123,2026-04-19,Sunday service
AT03828,M0124,2026-04-19,Sunday service
AT03829,M0125,2026-04-19,Sunday service
AT03830,M0126,2026-04-19,Sunday service
AT03831,M0127,2026-04-19,Sunday service
AT03832,M0128,2026-04-19,Sunday service
AT03833,M0129,2026-04-19,Sunday service
AT03834,M0138,2026-04-19,Sunday service
AT03835,M0139,2026-04-19,Sunday service
AT03836,M0140,2026-04-19,Sunday service
AT03837,M0143,2026-04-19,Sunday service
AT03838,M0145,2026-04-19,Sunday service
AT03839,M0149,2026-04-19,Sunday service
AT03840,M0150,2026-04-19,Sunday service
AT03841,M0153,2026-04-19,Sunday service
AT03842,M0154,2026-04-19,Sunday service
AT03843,M0155,2026-04-19,Sunday service
AT03844,M0156,2026-04-19,Sunday service
AT03845,M0157,2026-04-19,Sunday service
AT03846,M0158,2026-04-19,Sunday service
AT03847,M0160,2026-04-19,Sunday service
AT03848,M0162,2026-04-19,Sunday service
AT03849,M0163,2026-04-19,Sunday service
AT03850,M0165,2026-04-19,Sunday service
AT03851,M0168,2026-04-19,Sunday service
AT03852,M0172,2026-04-19,Sunday service
AT03853,M0174,2026-04-19,Sunday service
AT03854,M0177,2026-04-19,Sunday service
AT03855,M0178,2026-04-19,Sunday service
AT03856,M0180,2026-04-19,Sunday service
AT03857,M0189,2026-04-19,Sunday service
AT03858,M0190,2026-04-19,Sunday service
AT03859,M0191,2026-04-19,Sunday service
AT03860,M0193,2026-04-19,Sunday service
AT03861,M0194,2026-04-19,Sunday service
AT03862,M0195,2026-04-19,Sunday service
AT03863,M0197,2026-04-19,Sunday service
AT03864,M0201,2026-04-19,Sunday service
AT03865,M0202,2026-04-19,Sunday service
AT03866,M0204,2026-04-19,Sunday service
AT03867,M0206,2026-04-19,Sunday service
AT03868,M0208,2026-04-19,Sunday service
AT03869,M0213,2026-04-19,Sunday service
AT03870,M0214,2026-04-19,Sunday service
AT03871,M0215,2026-04-19,Sunday service
AT03872,M0216,2026-04-19,Sunday service
AT03873,M0218,2026-04-19,Sunday service
AT03874,M0219,2026-04-19,Sunday service
AT03875,M0220,2026-04-19,Sunday service
AT03876,M0221,2026-04-19,Sunday service
AT03877,M0225,2026-04-19,Sunday service
AT03878,M0226,2026-04-19,Sunday service
AT03879,M0227,2026-04-19,Sunday service
AT03880,M0228,2026-04-19,Sunday service
AT03881,M0229,2026-04-19,Sunday service
AT03882,M0230,2026-04-19,Sunday service
AT03883,M0231,2026-04-19,Sunday service
AT03884,M0234,2026-04-19,Sunday service
AT03885,M0235,2026-04-19,Sunday service
AT03886,M0236,2026-04-19,Sunday service
AT03887,M0237,2026-04-19,Sunday service
AT03888,M0238,2026-04-19,Sunday service
AT03889,M0239,2026-04-19,Sunday service
AT03890,M0240,2026-04-19,Sunday service
AT03891,M0001,2026-04-26,Sunday service
AT03892,M0003,2026-04-26,Sunday service
AT03893,M0004,2026-04-26,Sunday service
AT03894,M0006,2026-04-26,Sunday service
AT03895,M0007,2026-04-26,Sunday service
AT03896,M0008,2026-04-26,Sunday service
AT03897,M0010,2026-04-26,Sunday service
AT03898,M0011,2026-04-26,Sunday service
AT03899,M0012,2026-04-26,Sunday service
AT03900,M0013,2026-04-26,Sunday service
AT03901,M0016,2026-04-26,Sunday service
AT03902,M0017,2026-04-26,Sunday service
AT03903,M0018,2026-04-26,Sunday service
AT03904,M0024,2026-04-26,Sunday service
AT03905,M0025,2026-04-26,Sunday service
AT03906,M0026,2026-04-26,Sunday service
AT03907,M0027,2026-04-26,Sunday service
AT03908,M0030,2026-04-26,Sunday service
AT03909,M0031,2026-04-26,Sunday service
AT03910,M0033,2026-04-26,Sunday service
AT03911,M0035,2026-04-26,Sunday service
AT03912,M0036,2026-04-26,Sunday service
AT03913,M0037,2026-04-26,Sunday service
AT03914,M0038,2026-04-26,Sunday service
AT03915,M0040,2026-04-26,Sunday service
AT03916,M0044,2026-04-26,Sunday service
AT03917,M0045,2026-04-26,Sunday service
AT03918,M0048,2026-04-26,Sunday service
AT03919,M0050,2026-04-26,Sunday service
AT03920,M0055,2026-04-26,Sunday service
AT03921,M0056,2026-04-26,Sunday service
AT03922,M0057,2026-04-26,Sunday service
AT03923,M0058,2026-04-26,Sunday service
AT03924,M0059,2026-04-26,Sunday service
AT03925,M0060,2026-04-26,Sunday service
AT03926,M0061,2026-04-26,Sunday service
AT03927,M0063,2026-04-26,Sunday service
AT03928,M0067,2026-04-26,Sunday service
AT03929,M0069,2026-04-26,Sunday service
AT03930,M0070,2026-04-26,Sunday service
AT03931,M0071,2026-04-26,Sunday service
AT03932,M0073,2026-04-26,Sunday service
AT03933,M0074,2026-04-26,Sunday service
AT03934,M0075,2026-04-26,Sunday service
AT03935,M0076,2026-04-26,Sunday service
AT03936,M0077,2026-04-26,Sunday service
AT03937,M0078,2026-04-26,Sunday service
AT03938,M0080,2026-04-26,Sunday service
AT03939,M0082,2026-04-26,Sunday service
AT03940,M0083,2026-04-26,Sunday service
AT03941,M0084,2026-04-26,Sunday service
AT03942,M0087,2026-04-26,Sunday service
AT03943,M0088,2026-04-26,Sunday service
AT03944,M0089,2026-04-26,Sunday service
AT03945,M0091,2026-04-26,Sunday service
AT03946,M0092,2026-04-26,Sunday service
AT03947,M0093,2026-04-26,Sunday service
AT03948,M0094,2026-04-26,Sunday service
AT03949,M0095,2026-04-26,Sunday service
AT03950,M0097,2026-04-26,Sunday service
AT03951,M0098,2026-04-26,Sunday service
AT03952,M0099,2026-04-26,Sunday service
AT03953,M0103,2026-04-26,Sunday service
AT03954,M0104,2026-04-26,Sunday service
AT03955,M0105,2026-04-26,Sunday service
AT03956,M0107,2026-04-26,Sunday service
AT03957,M0109,2026-04-26,Sunday service
AT03958,M0111,2026-04-26,Sunday service
AT03959,M0113,2026-04-26,Sunday service
AT03960,M0116,2026-04-26,Sunday service
AT03961,M0118,2026-04-26,Sunday service
AT03962,M0119,2026-04-26,Sunday service
AT03963,M0124,2026-04-26,Sunday service
AT03964,M0125,2026-04-26,Sunday service
AT03965,M0126,2026-04-26,Sunday service
AT03966,M0127,2026-04-26,Sunday service
AT03967,M0128,2026-04-26,Sunday service
AT03968,M0130,2026-04-26,Sunday service
AT03969,M0132,2026-04-26,Sunday service
AT03970,M0137,2026-04-26,Sunday service
AT03971,M0138,2026-04-26,Sunday service
AT03972,M0139,2026-04-26,Sunday service
AT03973,M0140,2026-04-26,Sunday service
AT03974,M0141,2026-04-26,Sunday service
AT03975,M0143,2026-04-26,Sunday service
AT03976,M0144,2026-04-26,Sunday service
AT03977,M0145,2026-04-26,Sunday service
AT03978,M0147,2026-04-26,Sunday service
AT03979,M0150,2026-04-26,Sunday service
AT03980,M0151,2026-04-26,Sunday service
AT03981,M0153,2026-04-26,Sunday service
AT03982,M0155,2026-04-26,Sunday service
AT03983,M0156,2026-04-26,Sunday service
AT03984,M0158,2026-04-26,Sunday service
AT03985,M0160,2026-04-26,Sunday service
AT03986,M0162,2026-04-26,Sunday service
AT03987,M0163,2026-04-26,Sunday service
AT03988,M0167,2026-04-26,Sunday service
AT03989,M0169,2026-04-26,Sunday service
AT03990,M0174,2026-04-26,Sunday service
AT03991,M0175,2026-04-26,Sunday service
AT03992,M0178,2026-04-26,Sunday service
AT03993,M0183,2026-04-26,Sunday service
AT03994,M0184,2026-04-26,Sunday service
AT03995,M0185,2026-04-26,Sunday service
AT03996,M0186,2026-04-26,Sunday service
AT03997,M0187,2026-04-26,Sunday service
AT03998,M0188,2026-04-26,Sunday service
AT03999,M0189,2026-04-26,Sunday service
AT04000,M0190,2026-04-26,Sunday service
AT04001,M0193,2026-04-26,Sunday service
AT04002,M0194,2026-04-26,Sunday service
AT04003,M0196,2026-04-26,Sunday service
AT04004,M0197,2026-04-26,Sunday service
AT04005,M0198,2026-04-26,Sunday service
AT04006,M0204,2026-04-26,Sunday service
AT04007,M0206,2026-04-26,Sunday service
AT04008,M0207,2026-04-26,Sunday service
AT04009,M0210,2026-04-26,Sunday service
AT04010,M0215,2026-04-26,Sunday service
AT04011,M0217,2026-04-26,Sunday service
AT04012,M0218,2026-04-26,Sunday service
AT04013,M0219,2026-04-26,Sunday service
AT04014,M0220,2026-04-26,Sunday service
AT04015,M0221,2026-04-26,Sunday service
AT04016,M0225,2026-04-26,Sunday service
AT04017,M0227,2026-04-26,Sunday service
AT04018,M0228,2026-04-26,Sunday service
AT04019,M0229,2026-04-26,Sunday service
AT04020,M0230,2026-04-26,Sunday service
AT04021,M0231,2026-04-26,Sunday service
AT04022,M0234,2026-04-26,Sunday service
AT04023,M0235,2026-04-26,Sunday service
AT04024,M0236,2026-04-26,Sunday service
AT04025,M0237,2026-04-26,Sunday service
AT04026,M0238,2026-04-26,Sunday service
AT04027,M0240,2026-04-26,Sunday service
AT04028,M0001,2026-05-03,Sunday service
AT04029,M0002,2026-05-03,Sunday service
AT04030,M0004,2026-05-03,Sunday service
AT04031,M0005,2026-05-03,Sunday service
AT04032,M0007,2026-05-03,Sunday service
AT04033,M0008,2026-05-03,Sunday service
AT04034,M0010,2026-05-03,Sunday service
AT04035,M0011,2026-05-03,Sunday service
AT04036,M0012,2026-05-03,Sunday service
AT04037,M0013,2026-05-03,Sunday service
AT04038,M0014,2026-05-03,Sunday service
AT04039,M0015,2026-05-03,Sunday service
AT04040,M0016,2026-05-03,Sunday service
AT04041,M0017,2026-05-03,Sunday service
AT04042,M0018,2026-05-03,Sunday service
AT04043,M0023,2026-05-03,Sunday service
AT04044,M0024,2026-05-03,Sunday service
AT04045,M0026,2026-05-03,Sunday service
AT04046,M0030,2026-05-03,Sunday service
AT04047,M0031,2026-05-03,Sunday service
AT04048,M0033,2026-05-03,Sunday service
AT04049,M0035,2026-05-03,Sunday service
AT04050,M0036,2026-05-03,Sunday service
AT04051,M0037,2026-05-03,Sunday service
AT04052,M0038,2026-05-03,Sunday service
AT04053,M0042,2026-05-03,Sunday service
AT04054,M0044,2026-05-03,Sunday service
AT04055,M0045,2026-05-03,Sunday service
AT04056,M0048,2026-05-03,Sunday service
AT04057,M0049,2026-05-03,Sunday service
AT04058,M0051,2026-05-03,Sunday service
AT04059,M0053,2026-05-03,Sunday service
AT04060,M0055,2026-05-03,Sunday service
AT04061,M0056,2026-05-03,Sunday service
AT04062,M0058,2026-05-03,Sunday service
AT04063,M0059,2026-05-03,Sunday service
AT04064,M0060,2026-05-03,Sunday service
AT04065,M0063,2026-05-03,Sunday service
AT04066,M0065,2026-05-03,Sunday service
AT04067,M0069,2026-05-03,Sunday service
AT04068,M0070,2026-05-03,Sunday service
AT04069,M0071,2026-05-03,Sunday service
AT04070,M0072,2026-05-03,Sunday service
AT04071,M0074,2026-05-03,Sunday service
AT04072,M0075,2026-05-03,Sunday service
AT04073,M0076,2026-05-03,Sunday service
AT04074,M0077,2026-05-03,Sunday service
AT04075,M0078,2026-05-03,Sunday service
AT04076,M0079,2026-05-03,Sunday service
AT04077,M0080,2026-05-03,Sunday service
AT04078,M0084,2026-05-03,Sunday service
AT04079,M0085,2026-05-03,Sunday service
AT04080,M0089,2026-05-03,Sunday service
AT04081,M0091,2026-05-03,Sunday service
AT04082,M0093,2026-05-03,Sunday service
AT04083,M0095,2026-05-03,Sunday service
AT04084,M0097,2026-05-03,Sunday service
AT04085,M0099,2026-05-03,Sunday service
AT04086,M0102,2026-05-03,Sunday service
AT04087,M0103,2026-05-03,Sunday service
AT04088,M0104,2026-05-03,Sunday service
AT04089,M0105,2026-05-03,Sunday service
AT04090,M0106,2026-05-03,Sunday service
AT04091,M0109,2026-05-03,Sunday service
AT04092,M0111,2026-05-03,Sunday service
AT04093,M0112,2026-05-03,Sunday service
AT04094,M0113,2026-05-03,Sunday service
AT04095,M0115,2026-05-03,Sunday service
AT04096,M0116,2026-05-03,Sunday service
AT04097,M0119,2026-05-03,Sunday service
AT04098,M0121,2026-05-03,Sunday service
AT04099,M0123,2026-05-03,Sunday service
AT04100,M0124,2026-05-03,Sunday service
AT04101,M0125,2026-05-03,Sunday service
AT04102,M0128,2026-05-03,Sunday service
AT04103,M0129,2026-05-03,Sunday service
AT04104,M0130,2026-05-03,Sunday service
AT04105,M0131,2026-05-03,Sunday service
AT04106,M0133,2026-05-03,Sunday service
AT04107,M0136,2026-05-03,Sunday service
AT04108,M0137,2026-05-03,Sunday service
AT04109,M0138,2026-05-03,Sunday service
AT04110,M0139,2026-05-03,Sunday service
AT04111,M0140,2026-05-03,Sunday service
AT04112,M0147,2026-05-03,Sunday service
AT04113,M0149,2026-05-03,Sunday service
AT04114,M0150,2026-05-03,Sunday service
AT04115,M0151,2026-05-03,Sunday service
AT04116,M0154,2026-05-03,Sunday service
AT04117,M0155,2026-05-03,Sunday service
AT04118,M0156,2026-05-03,Sunday service
AT04119,M0157,2026-05-03,Sunday service
AT04120,M0158,2026-05-03,Sunday service
AT04121,M0160,2026-05-03,Sunday service
AT04122,M0164,2026-05-03,Sunday service
AT04123,M0165,2026-05-03,Sunday service
AT04124,M0168,2026-05-03,Sunday service
AT04125,M0170,2026-05-03,Sunday service
AT04126,M0174,2026-05-03,Sunday service
AT04127,M0175,2026-05-03,Sunday service
AT04128,M0176,2026-05-03,Sunday service
AT04129,M0178,2026-05-03,Sunday service
AT04130,M0181,2026-05-03,Sunday service
AT04131,M0182,2026-05-03,Sunday service
AT04132,M0183,2026-05-03,Sunday service
AT04133,M0184,2026-05-03,Sunday service
AT04134,M0185,2026-05-03,Sunday service
AT04135,M0186,2026-05-03,Sunday service
AT04136,M0187,2026-05-03,Sunday service
AT04137,M0188,2026-05-03,Sunday service
AT04138,M0189,2026-05-03,Sunday service
AT04139,M0190,2026-05-03,Sunday service
AT04140,M0193,2026-05-03,Sunday service
AT04141,M0195,2026-05-03,Sunday service
AT04142,M0196,2026-05-03,Sunday service
AT04143,M0197,2026-05-03,Sunday service
AT04144,M0198,2026-05-03,Sunday service
AT04145,M0200,2026-05-03,Sunday service
AT04146,M0201,2026-05-03,Sunday service
AT04147,M0202,2026-05-03,Sunday service
AT04148,M0204,2026-05-03,Sunday service
AT04149,M0205,2026-05-03,Sunday service
AT04150,M0206,2026-05-03,Sunday service
AT04151,M0208,2026-05-03,Sunday service
AT04152,M0209,2026-05-03,Sunday service
AT04153,M0213,2026-05-03,Sunday service
AT04154,M0214,2026-05-03,Sunday service
AT04155,M0215,2026-05-03,Sunday service
AT04156,M0216,2026-05-03,Sunday service
AT04157,M0217,2026-05-03,Sunday service
AT04158,M0218,2026-05-03,Sunday service
AT04159,M0220,2026-05-03,Sunday service
AT04160,M0221,2026-05-03,Sunday service
AT04161,M0226,2026-05-03,Sunday service
AT04162,M0227,2026-05-03,Sunday service
AT04163,M0229,2026-05-03,Sunday service
AT04164,M0230,2026-05-03,Sunday service
AT04165,M0231,2026-05-03,Sunday service
AT04166,M0232,2026-05-03,Sunday service
AT04167,M0234,2026-05-03,Sunday service
AT04168,M0235,2026-05-03,Sunday service
AT04169,M0236,2026-05-03,Sunday service
AT04170,M0237,2026-05-03,Sunday service
AT04171,M0239,2026-05-03,Sunday service
AT04172,M0001,2026-05-10,Sunday service
AT04173,M0002,2026-05-10,Sunday service
AT04174,M0003,2026-05-10,Sunday service
AT04175,M0004,2026-05-10,Sunday service
AT04176,M0006,2026-05-10,Sunday service
AT04177,M0010,2026-05-10,Sunday service
AT04178,M0013,2026-05-10,Sunday service
AT04179,M0015,2026-05-10,Sunday service
AT04180,M0016,2026-05-10,Sunday service
AT04181,M0017,2026-05-10,Sunday service
AT04182,M0018,2026-05-10,Sunday service
AT04183,M0023,2026-05-10,Sunday service
AT04184,M0024,2026-05-10,Sunday service
AT04185,M0026,2026-05-10,Sunday service
AT04186,M0027,2026-05-10,Sunday service
AT04187,M0031,2026-05-10,Sunday service
AT04188,M0033,2026-05-10,Sunday service
AT04189,M0034,2026-05-10,Sunday service
AT04190,M0036,2026-05-10,Sunday service
AT04191,M0037,2026-05-10,Sunday service
AT04192,M0039,2026-05-10,Sunday service
AT04193,M0040,2026-05-10,Sunday service
AT04194,M0044,2026-05-10,Sunday service
AT04195,M0047,2026-05-10,Sunday service
AT04196,M0049,2026-05-10,Sunday service
AT04197,M0050,2026-05-10,Sunday service
AT04198,M0053,2026-05-10,Sunday service
AT04199,M0055,2026-05-10,Sunday service
AT04200,M0056,2026-05-10,Sunday service
AT04201,M0057,2026-05-10,Sunday service
AT04202,M0058,2026-05-10,Sunday service
AT04203,M0059,2026-05-10,Sunday service
AT04204,M0060,2026-05-10,Sunday service
AT04205,M0062,2026-05-10,Sunday service
AT04206,M0063,2026-05-10,Sunday service
AT04207,M0067,2026-05-10,Sunday service
AT04208,M0068,2026-05-10,Sunday service
AT04209,M0069,2026-05-10,Sunday service
AT04210,M0070,2026-05-10,Sunday service
AT04211,M0072,2026-05-10,Sunday service
AT04212,M0073,2026-05-10,Sunday service
AT04213,M0076,2026-05-10,Sunday service
AT04214,M0077,2026-05-10,Sunday service
AT04215,M0080,2026-05-10,Sunday service
AT04216,M0083,2026-05-10,Sunday service
AT04217,M0084,2026-05-10,Sunday service
AT04218,M0089,2026-05-10,Sunday service
AT04219,M0091,2026-05-10,Sunday service
AT04220,M0093,2026-05-10,Sunday service
AT04221,M0098,2026-05-10,Sunday service
AT04222,M0099,2026-05-10,Sunday service
AT04223,M0101,2026-05-10,Sunday service
AT04224,M0103,2026-05-10,Sunday service
AT04225,M0104,2026-05-10,Sunday service
AT04226,M0105,2026-05-10,Sunday service
AT04227,M0106,2026-05-10,Sunday service
AT04228,M0107,2026-05-10,Sunday service
AT04229,M0111,2026-05-10,Sunday service
AT04230,M0112,2026-05-10,Sunday service
AT04231,M0113,2026-05-10,Sunday service
AT04232,M0116,2026-05-10,Sunday service
AT04233,M0117,2026-05-10,Sunday service
AT04234,M0118,2026-05-10,Sunday service
AT04235,M0119,2026-05-10,Sunday service
AT04236,M0123,2026-05-10,Sunday service
AT04237,M0124,2026-05-10,Sunday service
AT04238,M0126,2026-05-10,Sunday service
AT04239,M0127,2026-05-10,Sunday service
AT04240,M0128,2026-05-10,Sunday service
AT04241,M0129,2026-05-10,Sunday service
AT04242,M0130,2026-05-10,Sunday service
AT04243,M0136,2026-05-10,Sunday service
AT04244,M0138,2026-05-10,Sunday service
AT04245,M0139,2026-05-10,Sunday service
AT04246,M0140,2026-05-10,Sunday service
AT04247,M0144,2026-05-10,Sunday service
AT04248,M0145,2026-05-10,Sunday service
AT04249,M0147,2026-05-10,Sunday service
AT04250,M0149,2026-05-10,Sunday service
AT04251,M0151,2026-05-10,Sunday service
AT04252,M0153,2026-05-10,Sunday service
AT04253,M0154,2026-05-10,Sunday service
AT04254,M0155,2026-05-10,Sunday service
AT04255,M0156,2026-05-10,Sunday service
AT04256,M0158,2026-05-10,Sunday service
AT04257,M0160,2026-05-10,Sunday service
AT04258,M0163,2026-05-10,Sunday service
AT04259,M0164,2026-05-10,Sunday service
AT04260,M0165,2026-05-10,Sunday service
AT04261,M0166,2026-05-10,Sunday service
AT04262,M0168,2026-05-10,Sunday service
AT04263,M0169,2026-05-10,Sunday service
AT04264,M0174,2026-05-10,Sunday service
AT04265,M0175,2026-05-10,Sunday service
AT04266,M0177,2026-05-10,Sunday service
AT04267,M0178,2026-05-10,Sunday service
AT04268,M0180,2026-05-10,Sunday service
AT04269,M0182,2026-05-10,Sunday service
AT04270,M0183,2026-05-10,Sunday service
AT04271,M0184,2026-05-10,Sunday service
AT04272,M0185,2026-05-10,Sunday service
AT04273,M0187,2026-05-10,Sunday service
AT04274,M0188,2026-05-10,Sunday service
AT04275,M0189,2026-05-10,Sunday service
AT04276,M0191,2026-05-10,Sunday service
AT04277,M0195,2026-05-10,Sunday service
AT04278,M0196,2026-05-10,Sunday service
AT04279,M0197,2026-05-10,Sunday service
AT04280,M0198,2026-05-10,Sunday service
AT04281,M0200,2026-05-10,Sunday service
AT04282,M0201,2026-05-10,Sunday service
AT04283,M0204,2026-05-10,Sunday service
AT04284,M0205,2026-05-10,Sunday service
AT04285,M0206,2026-05-10,Sunday service
AT04286,M0208,2026-05-10,Sunday service
AT04287,M0209,2026-05-10,Sunday service
AT04288,M0211,2026-05-10,Sunday service
AT04289,M0213,2026-05-10,Sunday service
AT04290,M0214,2026-05-10,Sunday service
AT04291,M0215,2026-05-10,Sunday service
AT04292,M0216,2026-05-10,Sunday service
AT04293,M0217,2026-05-10,Sunday service
AT04294,M0218,2026-05-10,Sunday service
AT04295,M0219,2026-05-10,Sunday service
AT04296,M0220,2026-05-10,Sunday service
AT04297,M0221,2026-05-10,Sunday service
AT04298,M0224,2026-05-10,Sunday service
AT04299,M0225,2026-05-10,Sunday service
AT04300,M0226,2026-05-10,Sunday service
AT04301,M0227,2026-05-10,Sunday service
AT04302,M0228,2026-05-10,Sunday service
AT04303,M0229,2026-05-10,Sunday service
AT04304,M0230,2026-05-10,Sunday service
AT04305,M0231,2026-05-10,Sunday service
AT04306,M0232,2026-05-10,Sunday service
AT04307,M0235,2026-05-10,Sunday service
AT04308,M0236,2026-05-10,Sunday service
AT04309,M0238,2026-05-10,Sunday service
AT04310,M0239,2026-05-10,Sunday service
AT04311,M0001,2026-05-17,Sunday service
AT04312,M0004,2026-05-17,Sunday service
AT04313,M0006,2026-05-17,Sunday service
AT04314,M0008,2026-05-17,Sunday service
AT04315,M0010,2026-05-17,Sunday service
AT04316,M0011,2026-05-17,Sunday service
AT04317,M0012,2026-05-17,Sunday service
AT04318,M0014,2026-05-17,Sunday service
AT04319,M0015,2026-05-17,Sunday service
AT04320,M0016,2026-05-17,Sunday service
AT04321,M0017,2026-05-17,Sunday service
AT04322,M0018,2026-05-17,Sunday service
AT04323,M0019,2026-05-17,Sunday service
AT04324,M0023,2026-05-17,Sunday service
AT04325,M0025,2026-05-17,Sunday service
AT04326,M0026,2026-05-17,Sunday service
AT04327,M0027,2026-05-17,Sunday service
AT04328,M0030,2026-05-17,Sunday service
AT04329,M0031,2026-05-17,Sunday service
AT04330,M0032,2026-05-17,Sunday service
AT04331,M0035,2026-05-17,Sunday service
AT04332,M0037,2026-05-17,Sunday service
AT04333,M0038,2026-05-17,Sunday service
AT04334,M0039,2026-05-17,Sunday service
AT04335,M0040,2026-05-17,Sunday service
AT04336,M0042,2026-05-17,Sunday service
AT04337,M0044,2026-05-17,Sunday service
AT04338,M0045,2026-05-17,Sunday service
AT04339,M0048,2026-05-17,Sunday service
AT04340,M0049,2026-05-17,Sunday service
AT04341,M0050,2026-05-17,Sunday service
AT04342,M0051,2026-05-17,Sunday service
AT04343,M0055,2026-05-17,Sunday service
AT04344,M0056,2026-05-17,Sunday service
AT04345,M0059,2026-05-17,Sunday service
AT04346,M0060,2026-05-17,Sunday service
AT04347,M0062,2026-05-17,Sunday service
AT04348,M0063,2026-05-17,Sunday service
AT04349,M0064,2026-05-17,Sunday service
AT04350,M0069,2026-05-17,Sunday service
AT04351,M0070,2026-05-17,Sunday service
AT04352,M0071,2026-05-17,Sunday service
AT04353,M0072,2026-05-17,Sunday service
AT04354,M0073,2026-05-17,Sunday service
AT04355,M0075,2026-05-17,Sunday service
AT04356,M0076,2026-05-17,Sunday service
AT04357,M0077,2026-05-17,Sunday service
AT04358,M0078,2026-05-17,Sunday service
AT04359,M0080,2026-05-17,Sunday service
AT04360,M0083,2026-05-17,Sunday service
AT04361,M0084,2026-05-17,Sunday service
AT04362,M0085,2026-05-17,Sunday service
AT04363,M0086,2026-05-17,Sunday service
AT04364,M0087,2026-05-17,Sunday service
AT04365,M0088,2026-05-17,Sunday service
AT04366,M0089,2026-05-17,Sunday service
AT04367,M0090,2026-05-17,Sunday service
AT04368,M0091,2026-05-17,Sunday service
AT04369,M0093,2026-05-17,Sunday service
AT04370,M0094,2026-05-17,Sunday service
AT04371,M0095,2026-05-17,Sunday service
AT04372,M0097,2026-05-17,Sunday service
AT04373,M0099,2026-05-17,Sunday service
AT04374,M0101,2026-05-17,Sunday service
AT04375,M0102,2026-05-17,Sunday service
AT04376,M0103,2026-05-17,Sunday service
AT04377,M0105,2026-05-17,Sunday service
AT04378,M0113,2026-05-17,Sunday service
AT04379,M0115,2026-05-17,Sunday service
AT04380,M0116,2026-05-17,Sunday service
AT04381,M0118,2026-05-17,Sunday service
AT04382,M0119,2026-05-17,Sunday service
AT04383,M0124,2026-05-17,Sunday service
AT04384,M0126,2026-05-17,Sunday service
AT04385,M0129,2026-05-17,Sunday service
AT04386,M0130,2026-05-17,Sunday service
AT04387,M0131,2026-05-17,Sunday service
AT04388,M0132,2026-05-17,Sunday service
AT04389,M0138,2026-05-17,Sunday service
AT04390,M0139,2026-05-17,Sunday service
AT04391,M0140,2026-05-17,Sunday service
AT04392,M0142,2026-05-17,Sunday service
AT04393,M0143,2026-05-17,Sunday service
AT04394,M0144,2026-05-17,Sunday service
AT04395,M0147,2026-05-17,Sunday service
AT04396,M0148,2026-05-17,Sunday service
AT04397,M0154,2026-05-17,Sunday service
AT04398,M0155,2026-05-17,Sunday service
AT04399,M0158,2026-05-17,Sunday service
AT04400,M0160,2026-05-17,Sunday service
AT04401,M0161,2026-05-17,Sunday service
AT04402,M0164,2026-05-17,Sunday service
AT04403,M0165,2026-05-17,Sunday service
AT04404,M0166,2026-05-17,Sunday service
AT04405,M0168,2026-05-17,Sunday service
AT04406,M0171,2026-05-17,Sunday service
AT04407,M0174,2026-05-17,Sunday service
AT04408,M0175,2026-05-17,Sunday service
AT04409,M0177,2026-05-17,Sunday service
AT04410,M0178,2026-05-17,Sunday service
AT04411,M0182,2026-05-17,Sunday service
AT04412,M0183,2026-05-17,Sunday service
AT04413,M0185,2026-05-17,Sunday service
AT04414,M0187,2026-05-17,Sunday service
AT04415,M0188,2026-05-17,Sunday service
AT04416,M0189,2026-05-17,Sunday service
AT04417,M0190,2026-05-17,Sunday service
AT04418,M0191,2026-05-17,Sunday service
AT04419,M0193,2026-05-17,Sunday service
AT04420,M0194,2026-05-17,Sunday service
AT04421,M0196,2026-05-17,Sunday service
AT04422,M0197,2026-05-17,Sunday service
AT04423,M0198,2026-05-17,Sunday service
AT04424,M0201,2026-05-17,Sunday service
AT04425,M0202,2026-05-17,Sunday service
AT04426,M0204,2026-05-17,Sunday service
AT04427,M0205,2026-05-17,Sunday service
AT04428,M0206,2026-05-17,Sunday service
AT04429,M0207,2026-05-17,Sunday service
AT04430,M0208,2026-05-17,Sunday service
AT04431,M0209,2026-05-17,Sunday service
AT04432,M0213,2026-05-17,Sunday service
AT04433,M0214,2026-05-17,Sunday service
AT04434,M0215,2026-05-17,Sunday service
AT04435,M0216,2026-05-17,Sunday service
AT04436,M0217,2026-05-17,Sunday service
AT04437,M0218,2026-05-17,Sunday service
AT04438,M0219,2026-05-17,Sunday service
AT04439,M0220,2026-05-17,Sunday service
AT04440,M0221,2026-05-17,Sunday service
AT04441,M0225,2026-05-17,Sunday service
AT04442,M0227,2026-05-17,Sunday service
AT04443,M0228,2026-05-17,Sunday service
AT04444,M0229,2026-05-17,Sunday service
AT04445,M0231,2026-05-17,Sunday service
AT04446,M0232,2026-05-17,Sunday service
AT04447,M0234,2026-05-17,Sunday service
AT04448,M0235,2026-05-17,Sunday service
AT04449,M0236,2026-05-17,Sunday service
AT04450,M0237,2026-05-17,Sunday service
AT04451,M0238,2026-05-17,Sunday service
AT04452,M0239,2026-05-17,Sunday service
AT04453,M0001,2026-05-24,Sunday service
AT04454,M0002,2026-05-24,Sunday service
AT04455,M0003,2026-05-24,Sunday service
AT04456,M0004,2026-05-24,Sunday service
AT04457,M0006,2026-05-24,Sunday service
AT04458,M0008,2026-05-24,Sunday service
AT04459,M0010,2026-05-24,Sunday service
AT04460,M0012,2026-05-24,Sunday service
AT04461,M0013,2026-05-24,Sunday service
AT04462,M0014,2026-05-24,Sunday service
AT04463,M0018,2026-05-24,Sunday service
AT04464,M0019,2026-05-24,Sunday service
AT04465,M0022,2026-05-24,Sunday service
AT04466,M0023,2026-05-24,Sunday service
AT04467,M0024,2026-05-24,Sunday service
AT04468,M0026,2026-05-24,Sunday service
AT04469,M0031,2026-05-24,Sunday service
AT04470,M0033,2026-05-24,Sunday service
AT04471,M0034,2026-05-24,Sunday service
AT04472,M0035,2026-05-24,Sunday service
AT04473,M0036,2026-05-24,Sunday service
AT04474,M0037,2026-05-24,Sunday service
AT04475,M0039,2026-05-24,Sunday service
AT04476,M0042,2026-05-24,Sunday service
AT04477,M0044,2026-05-24,Sunday service
AT04478,M0048,2026-05-24,Sunday service
AT04479,M0049,2026-05-24,Sunday service
AT04480,M0050,2026-05-24,Sunday service
AT04481,M0051,2026-05-24,Sunday service
AT04482,M0055,2026-05-24,Sunday service
AT04483,M0056,2026-05-24,Sunday service
AT04484,M0058,2026-05-24,Sunday service
AT04485,M0059,2026-05-24,Sunday service
AT04486,M0060,2026-05-24,Sunday service
AT04487,M0063,2026-05-24,Sunday service
AT04488,M0067,2026-05-24,Sunday service
AT04489,M0069,2026-05-24,Sunday service
AT04490,M0070,2026-05-24,Sunday service
AT04491,M0071,2026-05-24,Sunday service
AT04492,M0072,2026-05-24,Sunday service
AT04493,M0073,2026-05-24,Sunday service
AT04494,M0074,2026-05-24,Sunday service
AT04495,M0075,2026-05-24,Sunday service
AT04496,M0077,2026-05-24,Sunday service
AT04497,M0079,2026-05-24,Sunday service
AT04498,M0081,2026-05-24,Sunday service
AT04499,M0083,2026-05-24,Sunday service
AT04500,M0084,2026-05-24,Sunday service
AT04501,M0085,2026-05-24,Sunday service
AT04502,M0086,2026-05-24,Sunday service
AT04503,M0091,2026-05-24,Sunday service
AT04504,M0092,2026-05-24,Sunday service
AT04505,M0093,2026-05-24,Sunday service
AT04506,M0095,2026-05-24,Sunday service
AT04507,M0097,2026-05-24,Sunday service
AT04508,M0099,2026-05-24,Sunday service
AT04509,M0101,2026-05-24,Sunday service
AT04510,M0103,2026-05-24,Sunday service
AT04511,M0104,2026-05-24,Sunday service
AT04512,M0106,2026-05-24,Sunday service
AT04513,M0107,2026-05-24,Sunday service
AT04514,M0109,2026-05-24,Sunday service
AT04515,M0111,2026-05-24,Sunday service
AT04516,M0116,2026-05-24,Sunday service
AT04517,M0118,2026-05-24,Sunday service
AT04518,M0119,2026-05-24,Sunday service
AT04519,M0123,2026-05-24,Sunday service
AT04520,M0124,2026-05-24,Sunday service
AT04521,M0126,2026-05-24,Sunday service
AT04522,M0127,2026-05-24,Sunday service
AT04523,M0128,2026-05-24,Sunday service
AT04524,M0132,2026-05-24,Sunday service
AT04525,M0137,2026-05-24,Sunday service
AT04526,M0138,2026-05-24,Sunday service
AT04527,M0139,2026-05-24,Sunday service
AT04528,M0140,2026-05-24,Sunday service
AT04529,M0142,2026-05-24,Sunday service
AT04530,M0143,2026-05-24,Sunday service
AT04531,M0145,2026-05-24,Sunday service
AT04532,M0147,2026-05-24,Sunday service
AT04533,M0155,2026-05-24,Sunday service
AT04534,M0156,2026-05-24,Sunday service
AT04535,M0157,2026-05-24,Sunday service
AT04536,M0158,2026-05-24,Sunday service
AT04537,M0160,2026-05-24,Sunday service
AT04538,M0162,2026-05-24,Sunday service
AT04539,M0163,2026-05-24,Sunday service
AT04540,M0164,2026-05-24,Sunday service
AT04541,M0165,2026-05-24,Sunday service
AT04542,M0166,2026-05-24,Sunday service
AT04543,M0167,2026-05-24,Sunday service
AT04544,M0168,2026-05-24,Sunday service
AT04545,M0169,2026-05-24,Sunday service
AT04546,M0170,2026-05-24,Sunday service
AT04547,M0171,2026-05-24,Sunday service
AT04548,M0174,2026-05-24,Sunday service
AT04549,M0175,2026-05-24,Sunday service
AT04550,M0176,2026-05-24,Sunday service
AT04551,M0177,2026-05-24,Sunday service
AT04552,M0178,2026-05-24,Sunday service
AT04553,M0179,2026-05-24,Sunday service
AT04554,M0180,2026-05-24,Sunday service
AT04555,M0181,2026-05-24,Sunday service
AT04556,M0183,2026-05-24,Sunday service
AT04557,M0185,2026-05-24,Sunday service
AT04558,M0186,2026-05-24,Sunday service
AT04559,M0190,2026-05-24,Sunday service
AT04560,M0193,2026-05-24,Sunday service
AT04561,M0198,2026-05-24,Sunday service
AT04562,M0200,2026-05-24,Sunday service
AT04563,M0201,2026-05-24,Sunday service
AT04564,M0202,2026-05-24,Sunday service
AT04565,M0204,2026-05-24,Sunday service
AT04566,M0208,2026-05-24,Sunday service
AT04567,M0209,2026-05-24,Sunday service
AT04568,M0210,2026-05-24,Sunday service
AT04569,M0212,2026-05-24,Sunday service
AT04570,M0213,2026-05-24,Sunday service
AT04571,M0215,2026-05-24,Sunday service
AT04572,M0216,2026-05-24,Sunday service
AT04573,M0217,2026-05-24,Sunday service
AT04574,M0218,2026-05-24,Sunday service
AT04575,M0219,2026-05-24,Sunday service
AT04576,M0220,2026-05-24,Sunday service
AT04577,M0221,2026-05-24,Sunday service
AT04578,M0224,2026-05-24,Sunday service
AT04579,M0225,2026-05-24,Sunday service
AT04580,M0226,2026-05-24,Sunday service
AT04581,M0227,2026-05-24,Sunday service
AT04582,M0228,2026-05-24,Sunday service
AT04583,M0229,2026-05-24,Sunday service
AT04584,M0230,2026-05-24,Sunday service
AT04585,M0235,2026-05-24,Sunday service
AT04586,M0236,2026-05-24,Sunday service
AT04587,M0237,2026-05-24,Sunday service
AT04588,M0238,2026-05-24,Sunday service
AT04589,M0239,2026-05-24,Sunday service
AT04590,M0240,2026-05-24,Sunday service
AT04591,M0002,2026-05-31,Sunday service
AT04592,M0003,2026-05-31,Sunday service
AT04593,M0004,2026-05-31,Sunday service
AT04594,M0005,2026-05-31,Sunday service
AT04595,M0007,2026-05-31,Sunday service
AT04596,M0008,2026-05-31,Sunday service
AT04597,M0010,2026-05-31,Sunday service
AT04598,M0011,2026-05-31,Sunday service
AT04599,M0012,2026-05-31,Sunday service
AT04600,M0015,2026-05-31,Sunday service
AT04601,M0016,2026-05-31,Sunday service
AT04602,M0018,2026-05-31,Sunday service
AT04603,M0023,2026-05-31,Sunday service
AT04604,M0025,2026-05-31,Sunday service
AT04605,M0026,2026-05-31,Sunday service
AT04606,M0027,2026-05-31,Sunday service
AT04607,M0030,2026-05-31,Sunday service
AT04608,M0031,2026-05-31,Sunday service
AT04609,M0033,2026-05-31,Sunday service
AT04610,M0034,2026-05-31,Sunday service
AT04611,M0035,2026-05-31,Sunday service
AT04612,M0036,2026-05-31,Sunday service
AT04613,M0037,2026-05-31,Sunday service
AT04614,M0039,2026-05-31,Sunday service
AT04615,M0040,2026-05-31,Sunday service
AT04616,M0042,2026-05-31,Sunday service
AT04617,M0044,2026-05-31,Sunday service
AT04618,M0045,2026-05-31,Sunday service
AT04619,M0048,2026-05-31,Sunday service
AT04620,M0049,2026-05-31,Sunday service
AT04621,M0050,2026-05-31,Sunday service
AT04622,M0051,2026-05-31,Sunday service
AT04623,M0052,2026-05-31,Sunday service
AT04624,M0055,2026-05-31,Sunday service
AT04625,M0056,2026-05-31,Sunday service
AT04626,M0058,2026-05-31,Sunday service
AT04627,M0059,2026-05-31,Sunday service
AT04628,M0060,2026-05-31,Sunday service
AT04629,M0061,2026-05-31,Sunday service
AT04630,M0062,2026-05-31,Sunday service
AT04631,M0063,2026-05-31,Sunday service
AT04632,M0064,2026-05-31,Sunday service
AT04633,M0067,2026-05-31,Sunday service
AT04634,M0069,2026-05-31,Sunday service
AT04635,M0070,2026-05-31,Sunday service
AT04636,M0071,2026-05-31,Sunday service
AT04637,M0072,2026-05-31,Sunday service
AT04638,M0073,2026-05-31,Sunday service
AT04639,M0074,2026-05-31,Sunday service
AT04640,M0075,2026-05-31,Sunday service
AT04641,M0076,2026-05-31,Sunday service
AT04642,M0077,2026-05-31,Sunday service
AT04643,M0078,2026-05-31,Sunday service
AT04644,M0080,2026-05-31,Sunday service
AT04645,M0082,2026-05-31,Sunday service
AT04646,M0083,2026-05-31,Sunday service
AT04647,M0085,2026-05-31,Sunday service
AT04648,M0086,2026-05-31,Sunday service
AT04649,M0088,2026-05-31,Sunday service
AT04650,M0093,2026-05-31,Sunday service
AT04651,M0097,2026-05-31,Sunday service
AT04652,M0098,2026-05-31,Sunday service
AT04653,M0099,2026-05-31,Sunday service
AT04654,M0102,2026-05-31,Sunday service
AT04655,M0103,2026-05-31,Sunday service
AT04656,M0105,2026-05-31,Sunday service
AT04657,M0109,2026-05-31,Sunday service
AT04658,M0111,2026-05-31,Sunday service
AT04659,M0113,2026-05-31,Sunday service
AT04660,M0115,2026-05-31,Sunday service
AT04661,M0118,2026-05-31,Sunday service
AT04662,M0119,2026-05-31,Sunday service
AT04663,M0123,2026-05-31,Sunday service
AT04664,M0124,2026-05-31,Sunday service
AT04665,M0126,2026-05-31,Sunday service
AT04666,M0128,2026-05-31,Sunday service
AT04667,M0129,2026-05-31,Sunday service
AT04668,M0131,2026-05-31,Sunday service
AT04669,M0138,2026-05-31,Sunday service
AT04670,M0139,2026-05-31,Sunday service
AT04671,M0140,2026-05-31,Sunday service
AT04672,M0141,2026-05-31,Sunday service
AT04673,M0143,2026-05-31,Sunday service
AT04674,M0145,2026-05-31,Sunday service
AT04675,M0147,2026-05-31,Sunday service
AT04676,M0149,2026-05-31,Sunday service
AT04677,M0153,2026-05-31,Sunday service
AT04678,M0154,2026-05-31,Sunday service
AT04679,M0155,2026-05-31,Sunday service
AT04680,M0156,2026-05-31,Sunday service
AT04681,M0158,2026-05-31,Sunday service
AT04682,M0160,2026-05-31,Sunday service
AT04683,M0164,2026-05-31,Sunday service
AT04684,M0166,2026-05-31,Sunday service
AT04685,M0169,2026-05-31,Sunday service
AT04686,M0174,2026-05-31,Sunday service
AT04687,M0175,2026-05-31,Sunday service
AT04688,M0176,2026-05-31,Sunday service
AT04689,M0178,2026-05-31,Sunday service
AT04690,M0179,2026-05-31,Sunday service
AT04691,M0183,2026-05-31,Sunday service
AT04692,M0184,2026-05-31,Sunday service
AT04693,M0185,2026-05-31,Sunday service
AT04694,M0186,2026-05-31,Sunday service
AT04695,M0188,2026-05-31,Sunday service
AT04696,M0189,2026-05-31,Sunday service
AT04697,M0190,2026-05-31,Sunday service
AT04698,M0193,2026-05-31,Sunday service
AT04699,M0196,2026-05-31,Sunday service
AT04700,M0198,2026-05-31,Sunday service
AT04701,M0200,2026-05-31,Sunday service
AT04702,M0201,2026-05-31,Sunday service
AT04703,M0202,2026-05-31,Sunday service
AT04704,M0204,2026-05-31,Sunday service
AT04705,M0208,2026-05-31,Sunday service
AT04706,M0210,2026-05-31,Sunday service
AT04707,M0213,2026-05-31,Sunday service
AT04708,M0214,2026-05-31,Sunday service
AT04709,M0215,2026-05-31,Sunday service
AT04710,M0216,2026-05-31,Sunday service
AT04711,M0217,2026-05-31,Sunday service
AT04712,M0218,2026-05-31,Sunday service
AT04713,M0220,2026-05-31,Sunday service
AT04714,M0221,2026-05-31,Sunday service
AT04715,M0225,2026-05-31,Sunday service
AT04716,M0226,2026-05-31,Sunday service
AT04717,M0227,2026-05-31,Sunday service
AT04718,M0228,2026-05-31,Sunday service
AT04719,M0229,2026-05-31,Sunday service
AT04720,M0230,2026-05-31,Sunday service
AT04721,M0231,2026-05-31,Sunday service
AT04722,M0232,2026-05-31,Sunday service
AT04723,M0234,2026-05-31,Sunday service
AT04724,M0235,2026-05-31,Sunday service
AT04725,M0236,2026-05-31,Sunday service
AT04726,M0237,2026-05-31,Sunday service
AT04727,M0238,2026-05-31,Sunday service
AT04728,M0239,2026-05-31,Sunday service
AT04729,M0240,2026-05-31,Sunday service
AT04730,M0003,2026-06-07,Sunday service
AT04731,M0005,2026-06-07,Sunday service
AT04732,M0006,2026-06-07,Sunday service
AT04733,M0010,2026-06-07,Sunday service
AT04734,M0011,2026-06-07,Sunday service
AT04735,M0012,2026-06-07,Sunday service
AT04736,M0013,2026-06-07,Sunday service
AT04737,M0014,2026-06-07,Sunday service
AT04738,M0015,2026-06-07,Sunday service
AT04739,M0017,2026-06-07,Sunday service
AT04740,M0018,2026-06-07,Sunday service
AT04741,M0023,2026-06-07,Sunday service
AT04742,M0026,2026-06-07,Sunday service
AT04743,M0027,2026-06-07,Sunday service
AT04744,M0029,2026-06-07,Sunday service
AT04745,M0030,2026-06-07,Sunday service
AT04746,M0031,2026-06-07,Sunday service
AT04747,M0033,2026-06-07,Sunday service
AT04748,M0034,2026-06-07,Sunday service
AT04749,M0036,2026-06-07,Sunday service
AT04750,M0037,2026-06-07,Sunday service
AT04751,M0038,2026-06-07,Sunday service
AT04752,M0040,2026-06-07,Sunday service
AT04753,M0045,2026-06-07,Sunday service
AT04754,M0046,2026-06-07,Sunday service
AT04755,M0048,2026-06-07,Sunday service
AT04756,M0049,2026-06-07,Sunday service
AT04757,M0051,2026-06-07,Sunday service
AT04758,M0055,2026-06-07,Sunday service
AT04759,M0058,2026-06-07,Sunday service
AT04760,M0059,2026-06-07,Sunday service
AT04761,M0062,2026-06-07,Sunday service
AT04762,M0063,2026-06-07,Sunday service
AT04763,M0067,2026-06-07,Sunday service
AT04764,M0069,2026-06-07,Sunday service
AT04765,M0070,2026-06-07,Sunday service
AT04766,M0071,2026-06-07,Sunday service
AT04767,M0072,2026-06-07,Sunday service
AT04768,M0073,2026-06-07,Sunday service
AT04769,M0074,2026-06-07,Sunday service
AT04770,M0075,2026-06-07,Sunday service
AT04771,M0076,2026-06-07,Sunday service
AT04772,M0077,2026-06-07,Sunday service
AT04773,M0078,2026-06-07,Sunday service
AT04774,M0080,2026-06-07,Sunday service
AT04775,M0083,2026-06-07,Sunday service
AT04776,M0084,2026-06-07,Sunday service
AT04777,M0086,2026-06-07,Sunday service
AT04778,M0088,2026-06-07,Sunday service
AT04779,M0089,2026-06-07,Sunday service
AT04780,M0092,2026-06-07,Sunday service
AT04781,M0093,2026-06-07,Sunday service
AT04782,M0094,2026-06-07,Sunday service
AT04783,M0097,2026-06-07,Sunday service
AT04784,M0099,2026-06-07,Sunday service
AT04785,M0101,2026-06-07,Sunday service
AT04786,M0102,2026-06-07,Sunday service
AT04787,M0103,2026-06-07,Sunday service
AT04788,M0105,2026-06-07,Sunday service
AT04789,M0106,2026-06-07,Sunday service
AT04790,M0107,2026-06-07,Sunday service
AT04791,M0109,2026-06-07,Sunday service
AT04792,M0111,2026-06-07,Sunday service
AT04793,M0113,2026-06-07,Sunday service
AT04794,M0118,2026-06-07,Sunday service
AT04795,M0119,2026-06-07,Sunday service
AT04796,M0121,2026-06-07,Sunday service
AT04797,M0123,2026-06-07,Sunday service
AT04798,M0124,2026-06-07,Sunday service
AT04799,M0126,2026-06-07,Sunday service
AT04800,M0127,2026-06-07,Sunday service
AT04801,M0128,2026-06-07,Sunday service
AT04802,M0130,2026-06-07,Sunday service
AT04803,M0131,2026-06-07,Sunday service
AT04804,M0137,2026-06-07,Sunday service
AT04805,M0139,2026-06-07,Sunday service
AT04806,M0140,2026-06-07,Sunday service
AT04807,M0142,2026-06-07,Sunday service
AT04808,M0143,2026-06-07,Sunday service
AT04809,M0144,2026-06-07,Sunday service
AT04810,M0145,2026-06-07,Sunday service
AT04811,M0147,2026-06-07,Sunday service
AT04812,M0148,2026-06-07,Sunday service
AT04813,M0150,2026-06-07,Sunday service
AT04814,M0151,2026-06-07,Sunday service
AT04815,M0153,2026-06-07,Sunday service
AT04816,M0154,2026-06-07,Sunday service
AT04817,M0155,2026-06-07,Sunday service
AT04818,M0156,2026-06-07,Sunday service
AT04819,M0158,2026-06-07,Sunday service
AT04820,M0162,2026-06-07,Sunday service
AT04821,M0164,2026-06-07,Sunday service
AT04822,M0165,2026-06-07,Sunday service
AT04823,M0166,2026-06-07,Sunday service
AT04824,M0168,2026-06-07,Sunday service
AT04825,M0169,2026-06-07,Sunday service
AT04826,M0170,2026-06-07,Sunday service
AT04827,M0174,2026-06-07,Sunday service
AT04828,M0175,2026-06-07,Sunday service
AT04829,M0176,2026-06-07,Sunday service
AT04830,M0177,2026-06-07,Sunday service
AT04831,M0178,2026-06-07,Sunday service
AT04832,M0179,2026-06-07,Sunday service
AT04833,M0180,2026-06-07,Sunday service
AT04834,M0182,2026-06-07,Sunday service
AT04835,M0184,2026-06-07,Sunday service
AT04836,M0185,2026-06-07,Sunday service
AT04837,M0186,2026-06-07,Sunday service
AT04838,M0189,2026-06-07,Sunday service
AT04839,M0193,2026-06-07,Sunday service
AT04840,M0194,2026-06-07,Sunday service
AT04841,M0196,2026-06-07,Sunday service
AT04842,M0197,2026-06-07,Sunday service
AT04843,M0198,2026-06-07,Sunday service
AT04844,M0201,2026-06-07,Sunday service
AT04845,M0202,2026-06-07,Sunday service
AT04846,M0206,2026-06-07,Sunday service
AT04847,M0208,2026-06-07,Sunday service
AT04848,M0210,2026-06-07,Sunday service
AT04849,M0211,2026-06-07,Sunday service
AT04850,M0213,2026-06-07,Sunday service
AT04851,M0216,2026-06-07,Sunday service
AT04852,M0217,2026-06-07,Sunday service
AT04853,M0219,2026-06-07,Sunday service
AT04854,M0220,2026-06-07,Sunday service
AT04855,M0221,2026-06-07,Sunday service
AT04856,M0224,2026-06-07,Sunday service
AT04857,M0225,2026-06-07,Sunday service
AT04858,M0226,2026-06-07,Sunday service
AT04859,M0227,2026-06-07,Sunday service
AT04860,M0228,2026-06-07,Sunday service
AT04861,M0229,2026-06-07,Sunday service
AT04862,M0230,2026-06-07,Sunday service
AT04863,M0233,2026-06-07,Sunday service
AT04864,M0234,2026-06-07,Sunday service
AT04865,M0235,2026-06-07,Sunday service
AT04866,M0236,2026-06-07,Sunday service
AT04867,M0237,2026-06-07,Sunday service
AT04868,M0239,2026-06-07,Sunday service
AT04869,M0240,2026-06-07,Sunday service
AT04870,M0001,2026-06-14,Sunday service
AT04871,M0002,2026-06-14,Sunday service
AT04872,M0003,2026-06-14,Sunday service
AT04873,M0004,2026-06-14,Sunday service
AT04874,M0005,2026-06-14,Sunday service
AT04875,M0006,2026-06-14,Sunday service
AT04876,M0008,2026-06-14,Sunday service
AT04877,M0010,2026-06-14,Sunday service
AT04878,M0011,2026-06-14,Sunday service
AT04879,M0012,2026-06-14,Sunday service
AT04880,M0013,2026-06-14,Sunday service
AT04881,M0015,2026-06-14,Sunday service
AT04882,M0016,2026-06-14,Sunday service
AT04883,M0023,2026-06-14,Sunday service
AT04884,M0026,2026-06-14,Sunday service
AT04885,M0027,2026-06-14,Sunday service
AT04886,M0030,2026-06-14,Sunday service
AT04887,M0031,2026-06-14,Sunday service
AT04888,M0033,2026-06-14,Sunday service
AT04889,M0034,2026-06-14,Sunday service
AT04890,M0035,2026-06-14,Sunday service
AT04891,M0037,2026-06-14,Sunday service
AT04892,M0038,2026-06-14,Sunday service
AT04893,M0039,2026-06-14,Sunday service
AT04894,M0040,2026-06-14,Sunday service
AT04895,M0044,2026-06-14,Sunday service
AT04896,M0049,2026-06-14,Sunday service
AT04897,M0050,2026-06-14,Sunday service
AT04898,M0055,2026-06-14,Sunday service
AT04899,M0056,2026-06-14,Sunday service
AT04900,M0060,2026-06-14,Sunday service
AT04901,M0061,2026-06-14,Sunday service
AT04902,M0062,2026-06-14,Sunday service
AT04903,M0064,2026-06-14,Sunday service
AT04904,M0069,2026-06-14,Sunday service
AT04905,M0070,2026-06-14,Sunday service
AT04906,M0071,2026-06-14,Sunday service
AT04907,M0073,2026-06-14,Sunday service
AT04908,M0074,2026-06-14,Sunday service
AT04909,M0075,2026-06-14,Sunday service
AT04910,M0078,2026-06-14,Sunday service
AT04911,M0079,2026-06-14,Sunday service
AT04912,M0080,2026-06-14,Sunday service
AT04913,M0083,2026-06-14,Sunday service
AT04914,M0084,2026-06-14,Sunday service
AT04915,M0086,2026-06-14,Sunday service
AT04916,M0088,2026-06-14,Sunday service
AT04917,M0089,2026-06-14,Sunday service
AT04918,M0091,2026-06-14,Sunday service
AT04919,M0092,2026-06-14,Sunday service
AT04920,M0093,2026-06-14,Sunday service
AT04921,M0097,2026-06-14,Sunday service
AT04922,M0098,2026-06-14,Sunday service
AT04923,M0099,2026-06-14,Sunday service
AT04924,M0101,2026-06-14,Sunday service
AT04925,M0103,2026-06-14,Sunday service
AT04926,M0104,2026-06-14,Sunday service
AT04927,M0108,2026-06-14,Sunday service
AT04928,M0109,2026-06-14,Sunday service
AT04929,M0111,2026-06-14,Sunday service
AT04930,M0112,2026-06-14,Sunday service
AT04931,M0114,2026-06-14,Sunday service
AT04932,M0115,2026-06-14,Sunday service
AT04933,M0118,2026-06-14,Sunday service
AT04934,M0119,2026-06-14,Sunday service
AT04935,M0121,2026-06-14,Sunday service
AT04936,M0124,2026-06-14,Sunday service
AT04937,M0125,2026-06-14,Sunday service
AT04938,M0126,2026-06-14,Sunday service
AT04939,M0130,2026-06-14,Sunday service
AT04940,M0131,2026-06-14,Sunday service
AT04941,M0137,2026-06-14,Sunday service
AT04942,M0138,2026-06-14,Sunday service
AT04943,M0140,2026-06-14,Sunday service
AT04944,M0143,2026-06-14,Sunday service
AT04945,M0144,2026-06-14,Sunday service
AT04946,M0145,2026-06-14,Sunday service
AT04947,M0147,2026-06-14,Sunday service
AT04948,M0149,2026-06-14,Sunday service
AT04949,M0153,2026-06-14,Sunday service
AT04950,M0154,2026-06-14,Sunday service
AT04951,M0155,2026-06-14,Sunday service
AT04952,M0156,2026-06-14,Sunday service
AT04953,M0158,2026-06-14,Sunday service
AT04954,M0160,2026-06-14,Sunday service
AT04955,M0162,2026-06-14,Sunday service
AT04956,M0163,2026-06-14,Sunday service
AT04957,M0170,2026-06-14,Sunday service
AT04958,M0171,2026-06-14,Sunday service
AT04959,M0174,2026-06-14,Sunday service
AT04960,M0176,2026-06-14,Sunday service
AT04961,M0177,2026-06-14,Sunday service
AT04962,M0178,2026-06-14,Sunday service
AT04963,M0179,2026-06-14,Sunday service
AT04964,M0183,2026-06-14,Sunday service
AT04965,M0184,2026-06-14,Sunday service
AT04966,M0185,2026-06-14,Sunday service
AT04967,M0186,2026-06-14,Sunday service
AT04968,M0187,2026-06-14,Sunday service
AT04969,M0188,2026-06-14,Sunday service
AT04970,M0189,2026-06-14,Sunday service
AT04971,M0190,2026-06-14,Sunday service
AT04972,M0193,2026-06-14,Sunday service
AT04973,M0194,2026-06-14,Sunday service
AT04974,M0198,2026-06-14,Sunday service
AT04975,M0201,2026-06-14,Sunday service
AT04976,M0204,2026-06-14,Sunday service
AT04977,M0205,2026-06-14,Sunday service
AT04978,M0208,2026-06-14,Sunday service
AT04979,M0210,2026-06-14,Sunday service
AT04980,M0211,2026-06-14,Sunday service
AT04981,M0213,2026-06-14,Sunday service
AT04982,M0214,2026-06-14,Sunday service
AT04983,M0215,2026-06-14,Sunday service
AT04984,M0216,2026-06-14,Sunday service
AT04985,M0217,2026-06-14,Sunday service
AT04986,M0218,2026-06-14,Sunday service
AT04987,M0219,2026-06-14,Sunday service
AT04988,M0220,2026-06-14,Sunday service
AT04989,M0221,2026-06-14,Sunday service
AT04990,M0225,2026-06-14,Sunday service
AT04991,M0226,2026-06-14,Sunday service
AT04992,M0227,2026-06-14,Sunday service
AT04993,M0228,2026-06-14,Sunday service
AT04994,M0229,2026-06-14,Sunday service
AT04995,M0231,2026-06-14,Sunday service
AT04996,M0234,2026-06-14,Sunday service
AT04997,M0235,2026-06-14,Sunday service
AT04998,M0236,2026-06-14,Sunday service
AT04999,M0238,2026-06-14,Sunday service
AT05000,M0240,2026-06-14,Sunday service
AT05001,M0001,2026-06-21,Sunday service
AT05002,M0002,2026-06-21,Sunday service
AT05003,M0003,2026-06-21,Sunday service
AT05004,M0004,2026-06-21,Sunday service
AT05005,M0006,2026-06-21,Sunday service
AT05006,M0008,2026-06-21,Sunday service
AT05007,M0010,2026-06-21,Sunday service
AT05008,M0011,2026-06-21,Sunday service
AT05009,M0012,2026-06-21,Sunday service
AT05010,M0013,2026-06-21,Sunday service
AT05011,M0014,2026-06-21,Sunday service
AT05012,M0015,2026-06-21,Sunday service
AT05013,M0016,2026-06-21,Sunday service
AT05014,M0018,2026-06-21,Sunday service
AT05015,M0021,2026-06-21,Sunday service
AT05016,M0023,2026-06-21,Sunday service
AT05017,M0024,2026-06-21,Sunday service
AT05018,M0025,2026-06-21,Sunday service
AT05019,M0026,2026-06-21,Sunday service
AT05020,M0027,2026-06-21,Sunday service
AT05021,M0030,2026-06-21,Sunday service
AT05022,M0031,2026-06-21,Sunday service
AT05023,M0032,2026-06-21,Sunday service
AT05024,M0033,2026-06-21,Sunday service
AT05025,M0035,2026-06-21,Sunday service
AT05026,M0036,2026-06-21,Sunday service
AT05027,M0037,2026-06-21,Sunday service
AT05028,M0039,2026-06-21,Sunday service
AT05029,M0040,2026-06-21,Sunday service
AT05030,M0044,2026-06-21,Sunday service
AT05031,M0045,2026-06-21,Sunday service
AT05032,M0048,2026-06-21,Sunday service
AT05033,M0050,2026-06-21,Sunday service
AT05034,M0051,2026-06-21,Sunday service
AT05035,M0055,2026-06-21,Sunday service
AT05036,M0056,2026-06-21,Sunday service
AT05037,M0057,2026-06-21,Sunday service
AT05038,M0061,2026-06-21,Sunday service
AT05039,M0062,2026-06-21,Sunday service
AT05040,M0063,2026-06-21,Sunday service
AT05041,M0070,2026-06-21,Sunday service
AT05042,M0071,2026-06-21,Sunday service
AT05043,M0072,2026-06-21,Sunday service
AT05044,M0073,2026-06-21,Sunday service
AT05045,M0074,2026-06-21,Sunday service
AT05046,M0076,2026-06-21,Sunday service
AT05047,M0077,2026-06-21,Sunday service
AT05048,M0078,2026-06-21,Sunday service
AT05049,M0081,2026-06-21,Sunday service
AT05050,M0083,2026-06-21,Sunday service
AT05051,M0084,2026-06-21,Sunday service
AT05052,M0085,2026-06-21,Sunday service
AT05053,M0087,2026-06-21,Sunday service
AT05054,M0088,2026-06-21,Sunday service
AT05055,M0089,2026-06-21,Sunday service
AT05056,M0091,2026-06-21,Sunday service
AT05057,M0092,2026-06-21,Sunday service
AT05058,M0095,2026-06-21,Sunday service
AT05059,M0097,2026-06-21,Sunday service
AT05060,M0098,2026-06-21,Sunday service
AT05061,M0099,2026-06-21,Sunday service
AT05062,M0101,2026-06-21,Sunday service
AT05063,M0103,2026-06-21,Sunday service
AT05064,M0105,2026-06-21,Sunday service
AT05065,M0106,2026-06-21,Sunday service
AT05066,M0109,2026-06-21,Sunday service
AT05067,M0113,2026-06-21,Sunday service
AT05068,M0114,2026-06-21,Sunday service
AT05069,M0116,2026-06-21,Sunday service
AT05070,M0118,2026-06-21,Sunday service
AT05071,M0119,2026-06-21,Sunday service
AT05072,M0121,2026-06-21,Sunday service
AT05073,M0126,2026-06-21,Sunday service
AT05074,M0128,2026-06-21,Sunday service
AT05075,M0130,2026-06-21,Sunday service
AT05076,M0131,2026-06-21,Sunday service
AT05077,M0132,2026-06-21,Sunday service
AT05078,M0134,2026-06-21,Sunday service
AT05079,M0138,2026-06-21,Sunday service
AT05080,M0140,2026-06-21,Sunday service
AT05081,M0143,2026-06-21,Sunday service
AT05082,M0144,2026-06-21,Sunday service
AT05083,M0145,2026-06-21,Sunday service
AT05084,M0147,2026-06-21,Sunday service
AT05085,M0153,2026-06-21,Sunday service
AT05086,M0154,2026-06-21,Sunday service
AT05087,M0155,2026-06-21,Sunday service
AT05088,M0156,2026-06-21,Sunday service
AT05089,M0158,2026-06-21,Sunday service
AT05090,M0160,2026-06-21,Sunday service
AT05091,M0162,2026-06-21,Sunday service
AT05092,M0164,2026-06-21,Sunday service
AT05093,M0168,2026-06-21,Sunday service
AT05094,M0170,2026-06-21,Sunday service
AT05095,M0174,2026-06-21,Sunday service
AT05096,M0175,2026-06-21,Sunday service
AT05097,M0177,2026-06-21,Sunday service
AT05098,M0178,2026-06-21,Sunday service
AT05099,M0179,2026-06-21,Sunday service
AT05100,M0183,2026-06-21,Sunday service
AT05101,M0185,2026-06-21,Sunday service
AT05102,M0186,2026-06-21,Sunday service
AT05103,M0188,2026-06-21,Sunday service
AT05104,M0189,2026-06-21,Sunday service
AT05105,M0193,2026-06-21,Sunday service
AT05106,M0194,2026-06-21,Sunday service
AT05107,M0195,2026-06-21,Sunday service
AT05108,M0196,2026-06-21,Sunday service
AT05109,M0197,2026-06-21,Sunday service
AT05110,M0198,2026-06-21,Sunday service
AT05111,M0204,2026-06-21,Sunday service
AT05112,M0206,2026-06-21,Sunday service
AT05113,M0207,2026-06-21,Sunday service
AT05114,M0208,2026-06-21,Sunday service
AT05115,M0210,2026-06-21,Sunday service
AT05116,M0211,2026-06-21,Sunday service
AT05117,M0214,2026-06-21,Sunday service
AT05118,M0215,2026-06-21,Sunday service
AT05119,M0217,2026-06-21,Sunday service
AT05120,M0220,2026-06-21,Sunday service
AT05121,M0221,2026-06-21,Sunday service
AT05122,M0225,2026-06-21,Sunday service
AT05123,M0226,2026-06-21,Sunday service
AT05124,M0227,2026-06-21,Sunday service
AT05125,M0228,2026-06-21,Sunday service
AT05126,M0229,2026-06-21,Sunday service
AT05127,M0234,2026-06-21,Sunday service
AT05128,M0235,2026-06-21,Sunday service
AT05129,M0237,2026-06-21,Sunday service
AT05130,M0238,2026-06-21,Sunday service
AT05131,M0001,2026-06-28,Sunday service
AT05132,M0002,2026-06-28,Sunday service
AT05133,M0005,2026-06-28,Sunday service
AT05134,M0006,2026-06-28,Sunday service
AT05135,M0008,2026-06-28,Sunday service
AT05136,M0010,2026-06-28,Sunday service
AT05137,M0011,2026-06-28,Sunday service
AT05138,M0012,2026-06-28,Sunday service
AT05139,M0013,2026-06-28,Sunday service
AT05140,M0014,2026-06-28,Sunday service
AT05141,M0018,2026-06-28,Sunday service
AT05142,M0021,2026-06-28,Sunday service
AT05143,M0022,2026-06-28,Sunday service
AT05144,M0023,2026-06-28,Sunday service
AT05145,M0030,2026-06-28,Sunday service
AT05146,M0031,2026-06-28,Sunday service
AT05147,M0033,2026-06-28,Sunday service
AT05148,M0035,2026-06-28,Sunday service
AT05149,M0036,2026-06-28,Sunday service
AT05150,M0037,2026-06-28,Sunday service
AT05151,M0039,2026-06-28,Sunday service
AT05152,M0040,2026-06-28,Sunday service
AT05153,M0042,2026-06-28,Sunday service
AT05154,M0043,2026-06-28,Sunday service
AT05155,M0044,2026-06-28,Sunday service
AT05156,M0045,2026-06-28,Sunday service
AT05157,M0046,2026-06-28,Sunday service
AT05158,M0048,2026-06-28,Sunday service
AT05159,M0049,2026-06-28,Sunday service
AT05160,M0055,2026-06-28,Sunday service
AT05161,M0056,2026-06-28,Sunday service
AT05162,M0058,2026-06-28,Sunday service
AT05163,M0059,2026-06-28,Sunday service
AT05164,M0062,2026-06-28,Sunday service
AT05165,M0065,2026-06-28,Sunday service
AT05166,M0069,2026-06-28,Sunday service
AT05167,M0070,2026-06-28,Sunday service
AT05168,M0071,2026-06-28,Sunday service
AT05169,M0073,2026-06-28,Sunday service
AT05170,M0074,2026-06-28,Sunday service
AT05171,M0075,2026-06-28,Sunday service
AT05172,M0076,2026-06-28,Sunday service
AT05173,M0077,2026-06-28,Sunday service
AT05174,M0078,2026-06-28,Sunday service
AT05175,M0079,2026-06-28,Sunday service
AT05176,M0080,2026-06-28,Sunday service
AT05177,M0083,2026-06-28,Sunday service
AT05178,M0084,2026-06-28,Sunday service
AT05179,M0088,2026-06-28,Sunday service
AT05180,M0091,2026-06-28,Sunday service
AT05181,M0092,2026-06-28,Sunday service
AT05182,M0093,2026-06-28,Sunday service
AT05183,M0097,2026-06-28,Sunday service
AT05184,M0098,2026-06-28,Sunday service
AT05185,M0099,2026-06-28,Sunday service
AT05186,M0102,2026-06-28,Sunday service
AT05187,M0103,2026-06-28,Sunday service
AT05188,M0105,2026-06-28,Sunday service
AT05189,M0107,2026-06-28,Sunday service
AT05190,M0109,2026-06-28,Sunday service
AT05191,M0111,2026-06-28,Sunday service
AT05192,M0114,2026-06-28,Sunday service
AT05193,M0116,2026-06-28,Sunday service
AT05194,M0118,2026-06-28,Sunday service
AT05195,M0121,2026-06-28,Sunday service
AT05196,M0123,2026-06-28,Sunday service
AT05197,M0124,2026-06-28,Sunday service
AT05198,M0126,2026-06-28,Sunday service
AT05199,M0127,2026-06-28,Sunday service
AT05200,M0128,2026-06-28,Sunday service
AT05201,M0130,2026-06-28,Sunday service
AT05202,M0131,2026-06-28,Sunday service
AT05203,M0132,2026-06-28,Sunday service
AT05204,M0133,2026-06-28,Sunday service
AT05205,M0134,2026-06-28,Sunday service
AT05206,M0137,2026-06-28,Sunday service
AT05207,M0138,2026-06-28,Sunday service
AT05208,M0139,2026-06-28,Sunday service
AT05209,M0140,2026-06-28,Sunday service
AT05210,M0141,2026-06-28,Sunday service
AT05211,M0143,2026-06-28,Sunday service
AT05212,M0145,2026-06-28,Sunday service
AT05213,M0147,2026-06-28,Sunday service
AT05214,M0149,2026-06-28,Sunday service
AT05215,M0150,2026-06-28,Sunday service
AT05216,M0153,2026-06-28,Sunday service
AT05217,M0154,2026-06-28,Sunday service
AT05218,M0155,2026-06-28,Sunday service
AT05219,M0156,2026-06-28,Sunday service
AT05220,M0158,2026-06-28,Sunday service
AT05221,M0160,2026-06-28,Sunday service
AT05222,M0162,2026-06-28,Sunday service
AT05223,M0163,2026-06-28,Sunday service
AT05224,M0164,2026-06-28,Sunday service
AT05225,M0165,2026-06-28,Sunday service
AT05226,M0166,2026-06-28,Sunday service
AT05227,M0167,2026-06-28,Sunday service
AT05228,M0171,2026-06-28,Sunday service
AT05229,M0174,2026-06-28,Sunday service
AT05230,M0175,2026-06-28,Sunday service
AT05231,M0178,2026-06-28,Sunday service
AT05232,M0181,2026-06-28,Sunday service
AT05233,M0182,2026-06-28,Sunday service
AT05234,M0183,2026-06-28,Sunday service
AT05235,M0186,2026-06-28,Sunday service
AT05236,M0187,2026-06-28,Sunday service
AT05237,M0189,2026-06-28,Sunday service
AT05238,M0190,2026-06-28,Sunday service
AT05239,M0191,2026-06-28,Sunday service
AT05240,M0193,2026-06-28,Sunday service
AT05241,M0195,2026-06-28,Sunday service
AT05242,M0196,2026-06-28,Sunday service
AT05243,M0197,2026-06-28,Sunday service
AT05244,M0198,2026-06-28,Sunday service
AT05245,M0201,2026-06-28,Sunday service
AT05246,M0202,2026-06-28,Sunday service
AT05247,M0204,2026-06-28,Sunday service
AT05248,M0206,2026-06-28,Sunday service
AT05249,M0207,2026-06-28,Sunday service
AT05250,M0208,2026-06-28,Sunday service
AT05251,M0214,2026-06-28,Sunday service
AT05252,M0215,2026-06-28,Sunday service
AT05253,M0216,2026-06-28,Sunday service
AT05254,M0217,2026-06-28,Sunday service
AT05255,M0218,2026-06-28,Sunday service
AT05256,M0219,2026-06-28,Sunday service
AT05257,M0220,2026-06-28,Sunday service
AT05258,M0221,2026-06-28,Sunday service
AT05259,M0225,2026-06-28,Sunday service
AT05260,M0227,2026-06-28,Sunday service
AT05261,M0228,2026-06-28,Sunday service
AT05262,M0230,2026-06-28,Sunday service
AT05263,M0232,2026-06-28,Sunday service
AT05264,M0234,2026-06-28,Sunday service
AT05265,M0235,2026-06-28,Sunday service
AT05266,M0236,2026-06-28,Sunday service
AT05267,M0238,2026-06-28,Sunday service
AT05268,M0239,2026-06-28,Sunday service
AT05269,M0240,2026-06-28,Sunday service
AT05270,M0001,2026-07-05,Sunday service
AT05271,M0002,2026-07-05,Sunday service
AT05272,M0003,2026-07-05,Sunday service
AT05273,M0004,2026-07-05,Sunday service
AT05274,M0006,2026-07-05,Sunday service
AT05275,M0008,2026-07-05,Sunday service
AT05276,M0010,2026-07-05,Sunday service
AT05277,M0011,2026-07-05,Sunday service
AT05278,M0012,2026-07-05,Sunday service
AT05279,M0013,2026-07-05,Sunday service
AT05280,M0015,2026-07-05,Sunday service
AT05281,M0016,2026-07-05,Sunday service
AT05282,M0017,2026-07-05,Sunday service
AT05283,M0018,2026-07-05,Sunday service
AT05284,M0021,2026-07-05,Sunday service
AT05285,M0024,2026-07-05,Sunday service
AT05286,M0025,2026-07-05,Sunday service
AT05287,M0026,2026-07-05,Sunday service
AT05288,M0027,2026-07-05,Sunday service
AT05289,M0028,2026-07-05,Sunday service
AT05290,M0030,2026-07-05,Sunday service
AT05291,M0031,2026-07-05,Sunday service
AT05292,M0033,2026-07-05,Sunday service
AT05293,M0035,2026-07-05,Sunday service
AT05294,M0036,2026-07-05,Sunday service
AT05295,M0039,2026-07-05,Sunday service
AT05296,M0044,2026-07-05,Sunday service
AT05297,M0045,2026-07-05,Sunday service
AT05298,M0048,2026-07-05,Sunday service
AT05299,M0049,2026-07-05,Sunday service
AT05300,M0050,2026-07-05,Sunday service
AT05301,M0051,2026-07-05,Sunday service
AT05302,M0053,2026-07-05,Sunday service
AT05303,M0055,2026-07-05,Sunday service
AT05304,M0056,2026-07-05,Sunday service
AT05305,M0057,2026-07-05,Sunday service
AT05306,M0058,2026-07-05,Sunday service
AT05307,M0059,2026-07-05,Sunday service
AT05308,M0060,2026-07-05,Sunday service
AT05309,M0063,2026-07-05,Sunday service
AT05310,M0064,2026-07-05,Sunday service
AT05311,M0065,2026-07-05,Sunday service
AT05312,M0069,2026-07-05,Sunday service
AT05313,M0070,2026-07-05,Sunday service
AT05314,M0073,2026-07-05,Sunday service
AT05315,M0074,2026-07-05,Sunday service
AT05316,M0075,2026-07-05,Sunday service
AT05317,M0076,2026-07-05,Sunday service
AT05318,M0077,2026-07-05,Sunday service
AT05319,M0078,2026-07-05,Sunday service
AT05320,M0079,2026-07-05,Sunday service
AT05321,M0082,2026-07-05,Sunday service
AT05322,M0084,2026-07-05,Sunday service
AT05323,M0086,2026-07-05,Sunday service
AT05324,M0087,2026-07-05,Sunday service
AT05325,M0092,2026-07-05,Sunday service
AT05326,M0093,2026-07-05,Sunday service
AT05327,M0095,2026-07-05,Sunday service
AT05328,M0097,2026-07-05,Sunday service
AT05329,M0099,2026-07-05,Sunday service
AT05330,M0101,2026-07-05,Sunday service
AT05331,M0104,2026-07-05,Sunday service
AT05332,M0105,2026-07-05,Sunday service
AT05333,M0106,2026-07-05,Sunday service
AT05334,M0109,2026-07-05,Sunday service
AT05335,M0113,2026-07-05,Sunday service
AT05336,M0115,2026-07-05,Sunday service
AT05337,M0116,2026-07-05,Sunday service
AT05338,M0118,2026-07-05,Sunday service
AT05339,M0121,2026-07-05,Sunday service
AT05340,M0124,2026-07-05,Sunday service
AT05341,M0126,2026-07-05,Sunday service
AT05342,M0127,2026-07-05,Sunday service
AT05343,M0129,2026-07-05,Sunday service
AT05344,M0130,2026-07-05,Sunday service
AT05345,M0134,2026-07-05,Sunday service
AT05346,M0138,2026-07-05,Sunday service
AT05347,M0139,2026-07-05,Sunday service
AT05348,M0140,2026-07-05,Sunday service
AT05349,M0141,2026-07-05,Sunday service
AT05350,M0142,2026-07-05,Sunday service
AT05351,M0145,2026-07-05,Sunday service
AT05352,M0147,2026-07-05,Sunday service
AT05353,M0148,2026-07-05,Sunday service
AT05354,M0150,2026-07-05,Sunday service
AT05355,M0153,2026-07-05,Sunday service
AT05356,M0154,2026-07-05,Sunday service
AT05357,M0155,2026-07-05,Sunday service
AT05358,M0156,2026-07-05,Sunday service
AT05359,M0157,2026-07-05,Sunday service
AT05360,M0160,2026-07-05,Sunday service
AT05361,M0162,2026-07-05,Sunday service
AT05362,M0163,2026-07-05,Sunday service
AT05363,M0164,2026-07-05,Sunday service
AT05364,M0165,2026-07-05,Sunday service
AT05365,M0166,2026-07-05,Sunday service
AT05366,M0167,2026-07-05,Sunday service
AT05367,M0168,2026-07-05,Sunday service
AT05368,M0169,2026-07-05,Sunday service
AT05369,M0172,2026-07-05,Sunday service
AT05370,M0174,2026-07-05,Sunday service
AT05371,M0175,2026-07-05,Sunday service
AT05372,M0176,2026-07-05,Sunday service
AT05373,M0177,2026-07-05,Sunday service
AT05374,M0178,2026-07-05,Sunday service
AT05375,M0181,2026-07-05,Sunday service
AT05376,M0182,2026-07-05,Sunday service
AT05377,M0183,2026-07-05,Sunday service
AT05378,M0185,2026-07-05,Sunday service
AT05379,M0186,2026-07-05,Sunday service
AT05380,M0187,2026-07-05,Sunday service
AT05381,M0188,2026-07-05,Sunday service
AT05382,M0189,2026-07-05,Sunday service
AT05383,M0190,2026-07-05,Sunday service
AT05384,M0194,2026-07-05,Sunday service
AT05385,M0196,2026-07-05,Sunday service
AT05386,M0197,2026-07-05,Sunday service
AT05387,M0198,2026-07-05,Sunday service
AT05388,M0200,2026-07-05,Sunday service
AT05389,M0201,2026-07-05,Sunday service
AT05390,M0204,2026-07-05,Sunday service
AT05391,M0206,2026-07-05,Sunday service
AT05392,M0207,2026-07-05,Sunday service
AT05393,M0208,2026-07-05,Sunday service
AT05394,M0212,2026-07-05,Sunday service
AT05395,M0213,2026-07-05,Sunday service
AT05396,M0214,2026-07-05,Sunday service
AT05397,M0215,2026-07-05,Sunday service
AT05398,M0216,2026-07-05,Sunday service
AT05399,M0217,2026-07-05,Sunday service
AT05400,M0219,2026-07-05,Sunday service
AT05401,M0220,2026-07-05,Sunday service
AT05402,M0221,2026-07-05,Sunday service
AT05403,M0225,2026-07-05,Sunday service
AT05404,M0226,2026-07-05,Sunday service
AT05405,M0227,2026-07-05,Sunday service
AT05406,M0228,2026-07-05,Sunday service
AT05407,M0229,2026-07-05,Sunday service
AT05408,M0231,2026-07-05,Sunday service
AT05409,M0232,2026-07-05,Sunday service
AT05410,M0234,2026-07-05,Sunday service
AT05411,M0235,2026-07-05,Sunday service
AT05412,M0236,2026-07-05,Sunday service
AT05413,M0237,2026-07-05,Sunday service
AT05414,M0239,2026-07-05,Sunday service
AT05415,M0240,2026-07-05,Sunday service
AT05416,M0001,2026-07-12,Sunday service
AT05417,M0002,2026-07-12,Sunday service
AT05418,M0004,2026-07-12,Sunday service
AT05419,M0008,2026-07-12,Sunday service
AT05420,M0010,2026-07-12,Sunday service
AT05421,M0012,2026-07-12,Sunday service
AT05422,M0014,2026-07-12,Sunday service
AT05423,M0015,2026-07-12,Sunday service
AT05424,M0016,2026-07-12,Sunday service
AT05425,M0019,2026-07-12,Sunday service
AT05426,M0023,2026-07-12,Sunday service
AT05427,M0024,2026-07-12,Sunday service
AT05428,M0026,2026-07-12,Sunday service
AT05429,M0027,2026-07-12,Sunday service
AT05430,M0031,2026-07-12,Sunday service
AT05431,M0033,2026-07-12,Sunday service
AT05432,M0034,2026-07-12,Sunday service
AT05433,M0036,2026-07-12,Sunday service
AT05434,M0037,2026-07-12,Sunday service
AT05435,M0038,2026-07-12,Sunday service
AT05436,M0039,2026-07-12,Sunday service
AT05437,M0040,2026-07-12,Sunday service
AT05438,M0042,2026-07-12,Sunday service
AT05439,M0043,2026-07-12,Sunday service
AT05440,M0048,2026-07-12,Sunday service
AT05441,M0049,2026-07-12,Sunday service
AT05442,M0050,2026-07-12,Sunday service
AT05443,M0055,2026-07-12,Sunday service
AT05444,M0056,2026-07-12,Sunday service
AT05445,M0058,2026-07-12,Sunday service
AT05446,M0062,2026-07-12,Sunday service
AT05447,M0063,2026-07-12,Sunday service
AT05448,M0067,2026-07-12,Sunday service
AT05449,M0070,2026-07-12,Sunday service
AT05450,M0071,2026-07-12,Sunday service
AT05451,M0072,2026-07-12,Sunday service
AT05452,M0073,2026-07-12,Sunday service
AT05453,M0074,2026-07-12,Sunday service
AT05454,M0076,2026-07-12,Sunday service
AT05455,M0077,2026-07-12,Sunday service
AT05456,M0078,2026-07-12,Sunday service
AT05457,M0080,2026-07-12,Sunday service
AT05458,M0082,2026-07-12,Sunday service
AT05459,M0083,2026-07-12,Sunday service
AT05460,M0084,2026-07-12,Sunday service
AT05461,M0085,2026-07-12,Sunday service
AT05462,M0086,2026-07-12,Sunday service
AT05463,M0088,2026-07-12,Sunday service
AT05464,M0089,2026-07-12,Sunday service
AT05465,M0093,2026-07-12,Sunday service
AT05466,M0097,2026-07-12,Sunday service
AT05467,M0099,2026-07-12,Sunday service
AT05468,M0103,2026-07-12,Sunday service
AT05469,M0104,2026-07-12,Sunday service
AT05470,M0105,2026-07-12,Sunday service
AT05471,M0107,2026-07-12,Sunday service
AT05472,M0112,2026-07-12,Sunday service
AT05473,M0113,2026-07-12,Sunday service
AT05474,M0114,2026-07-12,Sunday service
AT05475,M0115,2026-07-12,Sunday service
AT05476,M0116,2026-07-12,Sunday service
AT05477,M0118,2026-07-12,Sunday service
AT05478,M0119,2026-07-12,Sunday service
AT05479,M0121,2026-07-12,Sunday service
AT05480,M0124,2026-07-12,Sunday service
AT05481,M0125,2026-07-12,Sunday service
AT05482,M0126,2026-07-12,Sunday service
AT05483,M0127,2026-07-12,Sunday service
AT05484,M0128,2026-07-12,Sunday service
AT05485,M0129,2026-07-12,Sunday service
AT05486,M0130,2026-07-12,Sunday service
AT05487,M0132,2026-07-12,Sunday service
AT05488,M0134,2026-07-12,Sunday service
AT05489,M0136,2026-07-12,Sunday service
AT05490,M0137,2026-07-12,Sunday service
AT05491,M0138,2026-07-12,Sunday service
AT05492,M0139,2026-07-12,Sunday service
AT05493,M0140,2026-07-12,Sunday service
AT05494,M0141,2026-07-12,Sunday service
AT05495,M0143,2026-07-12,Sunday service
AT05496,M0144,2026-07-12,Sunday service
AT05497,M0145,2026-07-12,Sunday service
AT05498,M0147,2026-07-12,Sunday service
AT05499,M0150,2026-07-12,Sunday service
AT05500,M0153,2026-07-12,Sunday service
AT05501,M0155,2026-07-12,Sunday service
AT05502,M0156,2026-07-12,Sunday service
AT05503,M0157,2026-07-12,Sunday service
AT05504,M0160,2026-07-12,Sunday service
AT05505,M0162,2026-07-12,Sunday service
AT05506,M0163,2026-07-12,Sunday service
AT05507,M0164,2026-07-12,Sunday service
AT05508,M0165,2026-07-12,Sunday service
AT05509,M0167,2026-07-12,Sunday service
AT05510,M0168,2026-07-12,Sunday service
AT05511,M0169,2026-07-12,Sunday service
AT05512,M0173,2026-07-12,Sunday service
AT05513,M0174,2026-07-12,Sunday service
AT05514,M0179,2026-07-12,Sunday service
AT05515,M0182,2026-07-12,Sunday service
AT05516,M0183,2026-07-12,Sunday service
AT05517,M0185,2026-07-12,Sunday service
AT05518,M0186,2026-07-12,Sunday service
AT05519,M0187,2026-07-12,Sunday service
AT05520,M0188,2026-07-12,Sunday service
AT05521,M0189,2026-07-12,Sunday service
AT05522,M0190,2026-07-12,Sunday service
AT05523,M0191,2026-07-12,Sunday service
AT05524,M0193,2026-07-12,Sunday service
AT05525,M0196,2026-07-12,Sunday service
AT05526,M0198,2026-07-12,Sunday service
AT05527,M0200,2026-07-12,Sunday service
AT05528,M0201,2026-07-12,Sunday service
AT05529,M0202,2026-07-12,Sunday service
AT05530,M0204,2026-07-12,Sunday service
AT05531,M0205,2026-07-12,Sunday service
AT05532,M0206,2026-07-12,Sunday service
AT05533,M0207,2026-07-12,Sunday service
AT05534,M0208,2026-07-12,Sunday service
AT05535,M0213,2026-07-12,Sunday service
AT05536,M0216,2026-07-12,Sunday service
AT05537,M0217,2026-07-12,Sunday service
AT05538,M0218,2026-07-12,Sunday service
AT05539,M0219,2026-07-12,Sunday service
AT05540,M0220,2026-07-12,Sunday service
AT05541,M0227,2026-07-12,Sunday service
AT05542,M0228,2026-07-12,Sunday service
AT05543,M0229,2026-07-12,Sunday service
AT05544,M0230,2026-07-12,Sunday service
AT05545,M0231,2026-07-12,Sunday service
AT05546,M0234,2026-07-12,Sunday service
AT05547,M0235,2026-07-12,Sunday service
AT05548,M0236,2026-07-12,Sunday service
AT05549,M0238,2026-07-12,Sunday service
AT05550,M0239,2026-07-12,Sunday service
AT05551,M0240,2026-07-12,Sunday service
AT05552,M0001,2026-07-19,Sunday service
AT05553,M0002,2026-07-19,Sunday service
AT05554,M0003,2026-07-19,Sunday service
AT05555,M0004,2026-07-19,Sunday service
AT05556,M0005,2026-07-19,Sunday service
AT05557,M0008,2026-07-19,Sunday service
AT05558,M0009,2026-07-19,Sunday service
AT05559,M0010,2026-07-19,Sunday service
AT05560,M0011,2026-07-19,Sunday service
AT05561,M0014,2026-07-19,Sunday service
AT05562,M0015,2026-07-19,Sunday service
AT05563,M0016,2026-07-19,Sunday service
AT05564,M0017,2026-07-19,Sunday service
AT05565,M0018,2026-07-19,Sunday service
AT05566,M0019,2026-07-19,Sunday service
AT05567,M0021,2026-07-19,Sunday service
AT05568,M0022,2026-07-19,Sunday service
AT05569,M0023,2026-07-19,Sunday service
AT05570,M0026,2026-07-19,Sunday service
AT05571,M0027,2026-07-19,Sunday service
AT05572,M0031,2026-07-19,Sunday service
AT05573,M0033,2026-07-19,Sunday service
AT05574,M0035,2026-07-19,Sunday service
AT05575,M0036,2026-07-19,Sunday service
AT05576,M0037,2026-07-19,Sunday service
AT05577,M0038,2026-07-19,Sunday service
AT05578,M0039,2026-07-19,Sunday service
AT05579,M0042,2026-07-19,Sunday service
AT05580,M0044,2026-07-19,Sunday service
AT05581,M0046,2026-07-19,Sunday service
AT05582,M0048,2026-07-19,Sunday service
AT05583,M0049,2026-07-19,Sunday service
AT05584,M0051,2026-07-19,Sunday service
AT05585,M0055,2026-07-19,Sunday service
AT05586,M0056,2026-07-19,Sunday service
AT05587,M0057,2026-07-19,Sunday service
AT05588,M0060,2026-07-19,Sunday service
AT05589,M0061,2026-07-19,Sunday service
AT05590,M0062,2026-07-19,Sunday service
AT05591,M0063,2026-07-19,Sunday service
AT05592,M0065,2026-07-19,Sunday service
AT05593,M0069,2026-07-19,Sunday service
AT05594,M0070,2026-07-19,Sunday service
AT05595,M0071,2026-07-19,Sunday service
AT05596,M0074,2026-07-19,Sunday service
AT05597,M0075,2026-07-19,Sunday service
AT05598,M0076,2026-07-19,Sunday service
AT05599,M0077,2026-07-19,Sunday service
AT05600,M0078,2026-07-19,Sunday service
AT05601,M0079,2026-07-19,Sunday service
AT05602,M0080,2026-07-19,Sunday service
AT05603,M0083,2026-07-19,Sunday service
AT05604,M0084,2026-07-19,Sunday service
AT05605,M0085,2026-07-19,Sunday service
AT05606,M0086,2026-07-19,Sunday service
AT05607,M0088,2026-07-19,Sunday service
AT05608,M0089,2026-07-19,Sunday service
AT05609,M0092,2026-07-19,Sunday service
AT05610,M0093,2026-07-19,Sunday service
AT05611,M0095,2026-07-19,Sunday service
AT05612,M0097,2026-07-19,Sunday service
AT05613,M0098,2026-07-19,Sunday service
AT05614,M0099,2026-07-19,Sunday service
AT05615,M0102,2026-07-19,Sunday service
AT05616,M0103,2026-07-19,Sunday service
AT05617,M0104,2026-07-19,Sunday service
AT05618,M0105,2026-07-19,Sunday service
AT05619,M0106,2026-07-19,Sunday service
AT05620,M0107,2026-07-19,Sunday service
AT05621,M0111,2026-07-19,Sunday service
AT05622,M0113,2026-07-19,Sunday service
AT05623,M0115,2026-07-19,Sunday service
AT05624,M0116,2026-07-19,Sunday service
AT05625,M0118,2026-07-19,Sunday service
AT05626,M0119,2026-07-19,Sunday service
AT05627,M0124,2026-07-19,Sunday service
AT05628,M0125,2026-07-19,Sunday service
AT05629,M0126,2026-07-19,Sunday service
AT05630,M0128,2026-07-19,Sunday service
AT05631,M0130,2026-07-19,Sunday service
AT05632,M0131,2026-07-19,Sunday service
AT05633,M0136,2026-07-19,Sunday service
AT05634,M0138,2026-07-19,Sunday service
AT05635,M0139,2026-07-19,Sunday service
AT05636,M0140,2026-07-19,Sunday service
AT05637,M0142,2026-07-19,Sunday service
AT05638,M0143,2026-07-19,Sunday service
AT05639,M0145,2026-07-19,Sunday service
AT05640,M0147,2026-07-19,Sunday service
AT05641,M0148,2026-07-19,Sunday service
AT05642,M0149,2026-07-19,Sunday service
AT05643,M0150,2026-07-19,Sunday service
AT05644,M0153,2026-07-19,Sunday service
AT05645,M0154,2026-07-19,Sunday service
AT05646,M0155,2026-07-19,Sunday service
AT05647,M0156,2026-07-19,Sunday service
AT05648,M0157,2026-07-19,Sunday service
AT05649,M0160,2026-07-19,Sunday service
AT05650,M0162,2026-07-19,Sunday service
AT05651,M0164,2026-07-19,Sunday service
AT05652,M0165,2026-07-19,Sunday service
AT05653,M0167,2026-07-19,Sunday service
AT05654,M0168,2026-07-19,Sunday service
AT05655,M0170,2026-07-19,Sunday service
AT05656,M0171,2026-07-19,Sunday service
AT05657,M0174,2026-07-19,Sunday service
AT05658,M0175,2026-07-19,Sunday service
AT05659,M0176,2026-07-19,Sunday service
AT05660,M0177,2026-07-19,Sunday service
AT05661,M0178,2026-07-19,Sunday service
AT05662,M0179,2026-07-19,Sunday service
AT05663,M0181,2026-07-19,Sunday service
AT05664,M0182,2026-07-19,Sunday service
AT05665,M0185,2026-07-19,Sunday service
AT05666,M0187,2026-07-19,Sunday service
AT05667,M0188,2026-07-19,Sunday service
AT05668,M0189,2026-07-19,Sunday service
AT05669,M0193,2026-07-19,Sunday service
AT05670,M0195,2026-07-19,Sunday service
AT05671,M0196,2026-07-19,Sunday service
AT05672,M0197,2026-07-19,Sunday service
AT05673,M0198,2026-07-19,Sunday service
AT05674,M0204,2026-07-19,Sunday service
AT05675,M0207,2026-07-19,Sunday service
AT05676,M0208,2026-07-19,Sunday service
AT05677,M0213,2026-07-19,Sunday service
AT05678,M0214,2026-07-19,Sunday service
AT05679,M0215,2026-07-19,Sunday service
AT05680,M0216,2026-07-19,Sunday service
AT05681,M0217,2026-07-19,Sunday service
AT05682,M0218,2026-07-19,Sunday service
AT05683,M0219,2026-07-19,Sunday service
AT05684,M0220,2026-07-19,Sunday service
AT05685,M0221,2026-07-19,Sunday service
AT05686,M0222,2026-07-19,Sunday service
AT05687,M0224,2026-07-19,Sunday service
AT05688,M0225,2026-07-19,Sunday service
AT05689,M0226,2026-07-19,Sunday service
AT05690,M0227,2026-07-19,Sunday service
AT05691,M0228,2026-07-19,Sunday service
AT05692,M0229,2026-07-19,Sunday service
AT05693,M0230,2026-07-19,Sunday service
AT05694,M0231,2026-07-19,Sunday service
AT05695,M0232,2026-07-19,Sunday service
AT05696,M0234,2026-07-19,Sunday service
AT05697,M0235,2026-07-19,Sunday service
AT05698,M0238,2026-07-19,Sunday service
AT05699,M0001,2026-07-26,Sunday service
AT05700,M0002,2026-07-26,Sunday service
AT05701,M0003,2026-07-26,Sunday service
AT05702,M0004,2026-07-26,Sunday service
AT05703,M0005,2026-07-26,Sunday service
AT05704,M0006,2026-07-26,Sunday service
AT05705,M0008,2026-07-26,Sunday service
AT05706,M0010,2026-07-26,Sunday service
AT05707,M0011,2026-07-26,Sunday service
AT05708,M0012,2026-07-26,Sunday service
AT05709,M0013,2026-07-26,Sunday service
AT05710,M0014,2026-07-26,Sunday service
AT05711,M0017,2026-07-26,Sunday service
AT05712,M0022,2026-07-26,Sunday service
AT05713,M0023,2026-07-26,Sunday service
AT05714,M0024,2026-07-26,Sunday service
AT05715,M0026,2026-07-26,Sunday service
AT05716,M0027,2026-07-26,Sunday service
AT05717,M0030,2026-07-26,Sunday service
AT05718,M0031,2026-07-26,Sunday service
AT05719,M0033,2026-07-26,Sunday service
AT05720,M0036,2026-07-26,Sunday service
AT05721,M0038,2026-07-26,Sunday service
AT05722,M0039,2026-07-26,Sunday service
AT05723,M0040,2026-07-26,Sunday service
AT05724,M0042,2026-07-26,Sunday service
AT05725,M0043,2026-07-26,Sunday service
AT05726,M0044,2026-07-26,Sunday service
AT05727,M0045,2026-07-26,Sunday service
AT05728,M0046,2026-07-26,Sunday service
AT05729,M0049,2026-07-26,Sunday service
AT05730,M0055,2026-07-26,Sunday service
AT05731,M0060,2026-07-26,Sunday service
AT05732,M0061,2026-07-26,Sunday service
AT05733,M0062,2026-07-26,Sunday service
AT05734,M0063,2026-07-26,Sunday service
AT05735,M0064,2026-07-26,Sunday service
AT05736,M0065,2026-07-26,Sunday service
AT05737,M0069,2026-07-26,Sunday service
AT05738,M0070,2026-07-26,Sunday service
AT05739,M0072,2026-07-26,Sunday service
AT05740,M0073,2026-07-26,Sunday service
AT05741,M0074,2026-07-26,Sunday service
AT05742,M0075,2026-07-26,Sunday service
AT05743,M0076,2026-07-26,Sunday service
AT05744,M0077,2026-07-26,Sunday service
AT05745,M0078,2026-07-26,Sunday service
AT05746,M0079,2026-07-26,Sunday service
AT05747,M0080,2026-07-26,Sunday service
AT05748,M0083,2026-07-26,Sunday service
AT05749,M0085,2026-07-26,Sunday service
AT05750,M0087,2026-07-26,Sunday service
AT05751,M0088,2026-07-26,Sunday service
AT05752,M0093,2026-07-26,Sunday service
AT05753,M0097,2026-07-26,Sunday service
AT05754,M0098,2026-07-26,Sunday service
AT05755,M0099,2026-07-26,Sunday service
AT05756,M0103,2026-07-26,Sunday service
AT05757,M0106,2026-07-26,Sunday service
AT05758,M0109,2026-07-26,Sunday service
AT05759,M0112,2026-07-26,Sunday service
AT05760,M0113,2026-07-26,Sunday service
AT05761,M0114,2026-07-26,Sunday service
AT05762,M0115,2026-07-26,Sunday service
AT05763,M0116,2026-07-26,Sunday service
AT05764,M0118,2026-07-26,Sunday service
AT05765,M0119,2026-07-26,Sunday service
AT05766,M0124,2026-07-26,Sunday service
AT05767,M0125,2026-07-26,Sunday service
AT05768,M0126,2026-07-26,Sunday service
AT05769,M0128,2026-07-26,Sunday service
AT05770,M0130,2026-07-26,Sunday service
AT05771,M0134,2026-07-26,Sunday service
AT05772,M0136,2026-07-26,Sunday service
AT05773,M0137,2026-07-26,Sunday service
AT05774,M0138,2026-07-26,Sunday service
AT05775,M0139,2026-07-26,Sunday service
AT05776,M0140,2026-07-26,Sunday service
AT05777,M0143,2026-07-26,Sunday service
AT05778,M0144,2026-07-26,Sunday service
AT05779,M0145,2026-07-26,Sunday service
AT05780,M0147,2026-07-26,Sunday service
AT05781,M0151,2026-07-26,Sunday service
AT05782,M0153,2026-07-26,Sunday service
AT05783,M0154,2026-07-26,Sunday service
AT05784,M0155,2026-07-26,Sunday service
AT05785,M0158,2026-07-26,Sunday service
AT05786,M0160,2026-07-26,Sunday service
AT05787,M0166,2026-07-26,Sunday service
AT05788,M0168,2026-07-26,Sunday service
AT05789,M0170,2026-07-26,Sunday service
AT05790,M0174,2026-07-26,Sunday service
AT05791,M0175,2026-07-26,Sunday service
AT05792,M0176,2026-07-26,Sunday service
AT05793,M0177,2026-07-26,Sunday service
AT05794,M0178,2026-07-26,Sunday service
AT05795,M0179,2026-07-26,Sunday service
AT05796,M0180,2026-07-26,Sunday service
AT05797,M0183,2026-07-26,Sunday service
AT05798,M0184,2026-07-26,Sunday service
AT05799,M0188,2026-07-26,Sunday service
AT05800,M0189,2026-07-26,Sunday service
AT05801,M0190,2026-07-26,Sunday service
AT05802,M0191,2026-07-26,Sunday service
AT05803,M0196,2026-07-26,Sunday service
AT05804,M0197,2026-07-26,Sunday service
AT05805,M0198,2026-07-26,Sunday service
AT05806,M0200,2026-07-26,Sunday service
AT05807,M0203,2026-07-26,Sunday service
AT05808,M0204,2026-07-26,Sunday service
AT05809,M0205,2026-07-26,Sunday service
AT05810,M0206,2026-07-26,Sunday service
AT05811,M0207,2026-07-26,Sunday service
AT05812,M0208,2026-07-26,Sunday service
AT05813,M0209,2026-07-26,Sunday service
AT05814,M0210,2026-07-26,Sunday service
AT05815,M0214,2026-07-26,Sunday service
AT05816,M0215,2026-07-26,Sunday service
AT05817,M0216,2026-07-26,Sunday service
AT05818,M0217,2026-07-26,Sunday service
AT05819,M0218,2026-07-26,Sunday service
AT05820,M0219,2026-07-26,Sunday service
AT05821,M0220,2026-07-26,Sunday service
AT05822,M0221,2026-07-26,Sunday service
AT05823,M0225,2026-07-26,Sunday service
AT05824,M0226,2026-07-26,Sunday service
AT05825,M0227,2026-07-26,Sunday service
AT05826,M0228,2026-07-26,Sunday service
AT05827,M0229,2026-07-26,Sunday service
AT05828,M0230,2026-07-26,Sunday service
AT05829,M0231,2026-07-26,Sunday service
AT05830,M0235,2026-07-26,Sunday service
AT05831,M0236,2026-07-26,Sunday service
AT05832,M0237,2026-07-26,Sunday service
AT05833,M0239,2026-07-26,Sunday service
AT05834,M0240,2026-07-26,Sunday service
AT05835,M0001,2026-08-02,Sunday service
AT05836,M0003,2026-08-02,Sunday service
AT05837,M0004,2026-08-02,Sunday service
AT05838,M0005,2026-08-02,Sunday service
AT05839,M0006,2026-08-02,Sunday service
AT05840,M0007,2026-08-02,Sunday service
AT05841,M0008,2026-08-02,Sunday service
AT05842,M0010,2026-08-02,Sunday service
AT05843,M0012,2026-08-02,Sunday service
AT05844,M0015,2026-08-02,Sunday service
AT05845,M0016,2026-08-02,Sunday service
AT05846,M0017,2026-08-02,Sunday service
AT05847,M0019,2026-08-02,Sunday service
AT05848,M0023,2026-08-02,Sunday service
AT05849,M0024,2026-08-02,Sunday service
AT05850,M0025,2026-08-02,Sunday service
AT05851,M0026,2026-08-02,Sunday service
AT05852,M0027,2026-08-02,Sunday service
AT05853,M0030,2026-08-02,Sunday service
AT05854,M0031,2026-08-02,Sunday service
AT05855,M0032,2026-08-02,Sunday service
AT05856,M0036,2026-08-02,Sunday service
AT05857,M0038,2026-08-02,Sunday service
AT05858,M0039,2026-08-02,Sunday service
AT05859,M0040,2026-08-02,Sunday service
AT05860,M0042,2026-08-02,Sunday service
AT05861,M0043,2026-08-02,Sunday service
AT05862,M0044,2026-08-02,Sunday service
AT05863,M0045,2026-08-02,Sunday service
AT05864,M0047,2026-08-02,Sunday service
AT05865,M0048,2026-08-02,Sunday service
AT05866,M0049,2026-08-02,Sunday service
AT05867,M0050,2026-08-02,Sunday service
AT05868,M0055,2026-08-02,Sunday service
AT05869,M0056,2026-08-02,Sunday service
AT05870,M0059,2026-08-02,Sunday service
AT05871,M0060,2026-08-02,Sunday service
AT05872,M0062,2026-08-02,Sunday service
AT05873,M0063,2026-08-02,Sunday service
AT05874,M0064,2026-08-02,Sunday service
AT05875,M0065,2026-08-02,Sunday service
AT05876,M0069,2026-08-02,Sunday service
AT05877,M0070,2026-08-02,Sunday service
AT05878,M0071,2026-08-02,Sunday service
AT05879,M0073,2026-08-02,Sunday service
AT05880,M0075,2026-08-02,Sunday service
AT05881,M0076,2026-08-02,Sunday service
AT05882,M0077,2026-08-02,Sunday service
AT05883,M0078,2026-08-02,Sunday service
AT05884,M0079,2026-08-02,Sunday service
AT05885,M0080,2026-08-02,Sunday service
AT05886,M0083,2026-08-02,Sunday service
AT05887,M0084,2026-08-02,Sunday service
AT05888,M0085,2026-08-02,Sunday service
AT05889,M0086,2026-08-02,Sunday service
AT05890,M0091,2026-08-02,Sunday service
AT05891,M0097,2026-08-02,Sunday service
AT05892,M0098,2026-08-02,Sunday service
AT05893,M0099,2026-08-02,Sunday service
AT05894,M0101,2026-08-02,Sunday service
AT05895,M0105,2026-08-02,Sunday service
AT05896,M0106,2026-08-02,Sunday service
AT05897,M0112,2026-08-02,Sunday service
AT05898,M0113,2026-08-02,Sunday service
AT05899,M0114,2026-08-02,Sunday service
AT05900,M0118,2026-08-02,Sunday service
AT05901,M0125,2026-08-02,Sunday service
AT05902,M0126,2026-08-02,Sunday service
AT05903,M0128,2026-08-02,Sunday service
AT05904,M0130,2026-08-02,Sunday service
AT05905,M0131,2026-08-02,Sunday service
AT05906,M0138,2026-08-02,Sunday service
AT05907,M0139,2026-08-02,Sunday service
AT05908,M0140,2026-08-02,Sunday service
AT05909,M0141,2026-08-02,Sunday service
AT05910,M0144,2026-08-02,Sunday service
AT05911,M0145,2026-08-02,Sunday service
AT05912,M0147,2026-08-02,Sunday service
AT05913,M0150,2026-08-02,Sunday service
AT05914,M0151,2026-08-02,Sunday service
AT05915,M0153,2026-08-02,Sunday service
AT05916,M0154,2026-08-02,Sunday service
AT05917,M0156,2026-08-02,Sunday service
AT05918,M0158,2026-08-02,Sunday service
AT05919,M0160,2026-08-02,Sunday service
AT05920,M0162,2026-08-02,Sunday service
AT05921,M0164,2026-08-02,Sunday service
AT05922,M0165,2026-08-02,Sunday service
AT05923,M0166,2026-08-02,Sunday service
AT05924,M0168,2026-08-02,Sunday service
AT05925,M0173,2026-08-02,Sunday service
AT05926,M0174,2026-08-02,Sunday service
AT05927,M0175,2026-08-02,Sunday service
AT05928,M0177,2026-08-02,Sunday service
AT05929,M0178,2026-08-02,Sunday service
AT05930,M0180,2026-08-02,Sunday service
AT05931,M0181,2026-08-02,Sunday service
AT05932,M0185,2026-08-02,Sunday service
AT05933,M0186,2026-08-02,Sunday service
AT05934,M0187,2026-08-02,Sunday service
AT05935,M0188,2026-08-02,Sunday service
AT05936,M0189,2026-08-02,Sunday service
AT05937,M0190,2026-08-02,Sunday service
AT05938,M0191,2026-08-02,Sunday service
AT05939,M0193,2026-08-02,Sunday service
AT05940,M0196,2026-08-02,Sunday service
AT05941,M0197,2026-08-02,Sunday service
AT05942,M0198,2026-08-02,Sunday service
AT05943,M0202,2026-08-02,Sunday service
AT05944,M0204,2026-08-02,Sunday service
AT05945,M0207,2026-08-02,Sunday service
AT05946,M0208,2026-08-02,Sunday service
AT05947,M0210,2026-08-02,Sunday service
AT05948,M0214,2026-08-02,Sunday service
AT05949,M0215,2026-08-02,Sunday service
AT05950,M0216,2026-08-02,Sunday service
AT05951,M0217,2026-08-02,Sunday service
AT05952,M0218,2026-08-02,Sunday service
AT05953,M0219,2026-08-02,Sunday service
AT05954,M0220,2026-08-02,Sunday service
AT05955,M0221,2026-08-02,Sunday service
AT05956,M0224,2026-08-02,Sunday service
AT05957,M0226,2026-08-02,Sunday service
AT05958,M0227,2026-08-02,Sunday service
AT05959,M0229,2026-08-02,Sunday service
AT05960,M0230,2026-08-02,Sunday service
AT05961,M0231,2026-08-02,Sunday service
AT05962,M0232,2026-08-02,Sunday service
AT05963,M0234,2026-08-02,Sunday service
AT05964,M0235,2026-08-02,Sunday service
AT05965,M0236,2026-08-02,Sunday service
AT05966,M0237,2026-08-02,Sunday service
AT05967,M0238,2026-08-02,Sunday service
AT05968,M0240,2026-08-02,Sunday service
AT05969,M0001,2026-08-09,Sunday service
AT05970,M0002,2026-08-09,Sunday service
AT05971,M0003,2026-08-09,Sunday service
AT05972,M0004,2026-08-09,Sunday service
AT05973,M0006,2026-08-09,Sunday service
AT05974,M0008,2026-08-09,Sunday service
AT05975,M0010,2026-08-09,Sunday service
AT05976,M0011,2026-08-09,Sunday service
AT05977,M0012,2026-08-09,Sunday service
AT05978,M0013,2026-08-09,Sunday service
AT05979,M0014,2026-08-09,Sunday service
AT05980,M0017,2026-08-09,Sunday service
AT05981,M0018,2026-08-09,Sunday service
AT05982,M0022,2026-08-09,Sunday service
AT05983,M0023,2026-08-09,Sunday service
AT05984,M0025,2026-08-09,Sunday service
AT05985,M0026,2026-08-09,Sunday service
AT05986,M0027,2026-08-09,Sunday service
AT05987,M0030,2026-08-09,Sunday service
AT05988,M0031,2026-08-09,Sunday service
AT05989,M0033,2026-08-09,Sunday service
AT05990,M0035,2026-08-09,Sunday service
AT05991,M0036,2026-08-09,Sunday service
AT05992,M0037,2026-08-09,Sunday service
AT05993,M0039,2026-08-09,Sunday service
AT05994,M0040,2026-08-09,Sunday service
AT05995,M0043,2026-08-09,Sunday service
AT05996,M0044,2026-08-09,Sunday service
AT05997,M0048,2026-08-09,Sunday service
AT05998,M0050,2026-08-09,Sunday service
AT05999,M0051,2026-08-09,Sunday service
AT06000,M0058,2026-08-09,Sunday service
AT06001,M0059,2026-08-09,Sunday service
AT06002,M0061,2026-08-09,Sunday service
AT06003,M0063,2026-08-09,Sunday service
AT06004,M0065,2026-08-09,Sunday service
AT06005,M0067,2026-08-09,Sunday service
AT06006,M0069,2026-08-09,Sunday service
AT06007,M0070,2026-08-09,Sunday service
AT06008,M0071,2026-08-09,Sunday service
AT06009,M0073,2026-08-09,Sunday service
AT06010,M0077,2026-08-09,Sunday service
AT06011,M0078,2026-08-09,Sunday service
AT06012,M0081,2026-08-09,Sunday service
AT06013,M0082,2026-08-09,Sunday service
AT06014,M0083,2026-08-09,Sunday service
AT06015,M0084,2026-08-09,Sunday service
AT06016,M0086,2026-08-09,Sunday service
AT06017,M0088,2026-08-09,Sunday service
AT06018,M0092,2026-08-09,Sunday service
AT06019,M0093,2026-08-09,Sunday service
AT06020,M0095,2026-08-09,Sunday service
AT06021,M0097,2026-08-09,Sunday service
AT06022,M0098,2026-08-09,Sunday service
AT06023,M0099,2026-08-09,Sunday service
AT06024,M0104,2026-08-09,Sunday service
AT06025,M0105,2026-08-09,Sunday service
AT06026,M0106,2026-08-09,Sunday service
AT06027,M0107,2026-08-09,Sunday service
AT06028,M0111,2026-08-09,Sunday service
AT06029,M0112,2026-08-09,Sunday service
AT06030,M0113,2026-08-09,Sunday service
AT06031,M0116,2026-08-09,Sunday service
AT06032,M0119,2026-08-09,Sunday service
AT06033,M0124,2026-08-09,Sunday service
AT06034,M0125,2026-08-09,Sunday service
AT06035,M0127,2026-08-09,Sunday service
AT06036,M0130,2026-08-09,Sunday service
AT06037,M0131,2026-08-09,Sunday service
AT06038,M0133,2026-08-09,Sunday service
AT06039,M0134,2026-08-09,Sunday service
AT06040,M0138,2026-08-09,Sunday service
AT06041,M0139,2026-08-09,Sunday service
AT06042,M0140,2026-08-09,Sunday service
AT06043,M0143,2026-08-09,Sunday service
AT06044,M0145,2026-08-09,Sunday service
AT06045,M0147,2026-08-09,Sunday service
AT06046,M0149,2026-08-09,Sunday service
AT06047,M0153,2026-08-09,Sunday service
AT06048,M0154,2026-08-09,Sunday service
AT06049,M0155,2026-08-09,Sunday service
AT06050,M0156,2026-08-09,Sunday service
AT06051,M0157,2026-08-09,Sunday service
AT06052,M0158,2026-08-09,Sunday service
AT06053,M0160,2026-08-09,Sunday service
AT06054,M0164,2026-08-09,Sunday service
AT06055,M0165,2026-08-09,Sunday service
AT06056,M0168,2026-08-09,Sunday service
AT06057,M0169,2026-08-09,Sunday service
AT06058,M0174,2026-08-09,Sunday service
AT06059,M0175,2026-08-09,Sunday service
AT06060,M0178,2026-08-09,Sunday service
AT06061,M0179,2026-08-09,Sunday service
AT06062,M0181,2026-08-09,Sunday service
AT06063,M0183,2026-08-09,Sunday service
AT06064,M0184,2026-08-09,Sunday service
AT06065,M0185,2026-08-09,Sunday service
AT06066,M0186,2026-08-09,Sunday service
AT06067,M0187,2026-08-09,Sunday service
AT06068,M0188,2026-08-09,Sunday service
AT06069,M0189,2026-08-09,Sunday service
AT06070,M0190,2026-08-09,Sunday service
AT06071,M0191,2026-08-09,Sunday service
AT06072,M0193,2026-08-09,Sunday service
AT06073,M0195,2026-08-09,Sunday service
AT06074,M0196,2026-08-09,Sunday service
AT06075,M0197,2026-08-09,Sunday service
AT06076,M0198,2026-08-09,Sunday service
AT06077,M0200,2026-08-09,Sunday service
AT06078,M0203,2026-08-09,Sunday service
AT06079,M0204,2026-08-09,Sunday service
AT06080,M0205,2026-08-09,Sunday service
AT06081,M0206,2026-08-09,Sunday service
AT06082,M0208,2026-08-09,Sunday service
AT06083,M0210,2026-08-09,Sunday service
AT06084,M0213,2026-08-09,Sunday service
AT06085,M0216,2026-08-09,Sunday service
AT06086,M0217,2026-08-09,Sunday service
AT06087,M0218,2026-08-09,Sunday service
AT06088,M0219,2026-08-09,Sunday service
AT06089,M0220,2026-08-09,Sunday service
AT06090,M0221,2026-08-09,Sunday service
AT06091,M0225,2026-08-09,Sunday service
AT06092,M0226,2026-08-09,Sunday service
AT06093,M0227,2026-08-09,Sunday service
AT06094,M0228,2026-08-09,Sunday service
AT06095,M0231,2026-08-09,Sunday service
AT06096,M0232,2026-08-09,Sunday service
AT06097,M0234,2026-08-09,Sunday service
AT06098,M0235,2026-08-09,Sunday service
AT06099,M0236,2026-08-09,Sunday service
AT06100,M0237,2026-08-09,Sunday service
AT06101,M0238,2026-08-09,Sunday service
AT06102,M0239,2026-08-09,Sunday service
AT06103,M0240,2026-08-09,Sunday service
AT06104,M0001,2026-08-16,Sunday service
AT06105,M0002,2026-08-16,Sunday service
AT06106,M0003,2026-08-16,Sunday service
AT06107,M0004,2026-08-16,Sunday service
AT06108,M0008,2026-08-16,Sunday service
AT06109,M0010,2026-08-16,Sunday service
AT06110,M0011,2026-08-16,Sunday service
AT06111,M0012,2026-08-16,Sunday service
AT06112,M0013,2026-08-16,Sunday service
AT06113,M0014,2026-08-16,Sunday service
AT06114,M0015,2026-08-16,Sunday service
AT06115,M0016,2026-08-16,Sunday service
AT06116,M0017,2026-08-16,Sunday service
AT06117,M0018,2026-08-16,Sunday service
AT06118,M0023,2026-08-16,Sunday service
AT06119,M0024,2026-08-16,Sunday service
AT06120,M0026,2026-08-16,Sunday service
AT06121,M0027,2026-08-16,Sunday service
AT06122,M0030,2026-08-16,Sunday service
AT06123,M0032,2026-08-16,Sunday service
AT06124,M0037,2026-08-16,Sunday service
AT06125,M0038,2026-08-16,Sunday service
AT06126,M0039,2026-08-16,Sunday service
AT06127,M0042,2026-08-16,Sunday service
AT06128,M0043,2026-08-16,Sunday service
AT06129,M0044,2026-08-16,Sunday service
AT06130,M0048,2026-08-16,Sunday service
AT06131,M0049,2026-08-16,Sunday service
AT06132,M0051,2026-08-16,Sunday service
AT06133,M0053,2026-08-16,Sunday service
AT06134,M0055,2026-08-16,Sunday service
AT06135,M0056,2026-08-16,Sunday service
AT06136,M0057,2026-08-16,Sunday service
AT06137,M0058,2026-08-16,Sunday service
AT06138,M0059,2026-08-16,Sunday service
AT06139,M0060,2026-08-16,Sunday service
AT06140,M0062,2026-08-16,Sunday service
AT06141,M0063,2026-08-16,Sunday service
AT06142,M0065,2026-08-16,Sunday service
AT06143,M0069,2026-08-16,Sunday service
AT06144,M0070,2026-08-16,Sunday service
AT06145,M0071,2026-08-16,Sunday service
AT06146,M0072,2026-08-16,Sunday service
AT06147,M0073,2026-08-16,Sunday service
AT06148,M0074,2026-08-16,Sunday service
AT06149,M0075,2026-08-16,Sunday service
AT06150,M0080,2026-08-16,Sunday service
AT06151,M0082,2026-08-16,Sunday service
AT06152,M0083,2026-08-16,Sunday service
AT06153,M0084,2026-08-16,Sunday service
AT06154,M0086,2026-08-16,Sunday service
AT06155,M0088,2026-08-16,Sunday service
AT06156,M0089,2026-08-16,Sunday service
AT06157,M0092,2026-08-16,Sunday service
AT06158,M0093,2026-08-16,Sunday service
AT06159,M0095,2026-08-16,Sunday service
AT06160,M0097,2026-08-16,Sunday service
AT06161,M0098,2026-08-16,Sunday service
AT06162,M0099,2026-08-16,Sunday service
AT06163,M0103,2026-08-16,Sunday service
AT06164,M0106,2026-08-16,Sunday service
AT06165,M0107,2026-08-16,Sunday service
AT06166,M0109,2026-08-16,Sunday service
AT06167,M0111,2026-08-16,Sunday service
AT06168,M0113,2026-08-16,Sunday service
AT06169,M0118,2026-08-16,Sunday service
AT06170,M0123,2026-08-16,Sunday service
AT06171,M0126,2026-08-16,Sunday service
AT06172,M0128,2026-08-16,Sunday service
AT06173,M0130,2026-08-16,Sunday service
AT06174,M0131,2026-08-16,Sunday service
AT06175,M0132,2026-08-16,Sunday service
AT06176,M0133,2026-08-16,Sunday service
AT06177,M0137,2026-08-16,Sunday service
AT06178,M0138,2026-08-16,Sunday service
AT06179,M0139,2026-08-16,Sunday service
AT06180,M0140,2026-08-16,Sunday service
AT06181,M0142,2026-08-16,Sunday service
AT06182,M0143,2026-08-16,Sunday service
AT06183,M0144,2026-08-16,Sunday service
AT06184,M0147,2026-08-16,Sunday service
AT06185,M0149,2026-08-16,Sunday service
AT06186,M0150,2026-08-16,Sunday service
AT06187,M0153,2026-08-16,Sunday service
AT06188,M0154,2026-08-16,Sunday service
AT06189,M0155,2026-08-16,Sunday service
AT06190,M0158,2026-08-16,Sunday service
AT06191,M0160,2026-08-16,Sunday service
AT06192,M0163,2026-08-16,Sunday service
AT06193,M0164,2026-08-16,Sunday service
AT06194,M0165,2026-08-16,Sunday service
AT06195,M0166,2026-08-16,Sunday service
AT06196,M0168,2026-08-16,Sunday service
AT06197,M0169,2026-08-16,Sunday service
AT06198,M0170,2026-08-16,Sunday service
AT06199,M0174,2026-08-16,Sunday service
AT06200,M0175,2026-08-16,Sunday service
AT06201,M0177,2026-08-16,Sunday service
AT06202,M0178,2026-08-16,Sunday service
AT06203,M0179,2026-08-16,Sunday service
AT06204,M0183,2026-08-16,Sunday service
AT06205,M0184,2026-08-16,Sunday service
AT06206,M0185,2026-08-16,Sunday service
AT06207,M0186,2026-08-16,Sunday service
AT06208,M0188,2026-08-16,Sunday service
AT06209,M0189,2026-08-16,Sunday service
AT06210,M0190,2026-08-16,Sunday service
AT06211,M0193,2026-08-16,Sunday service
AT06212,M0194,2026-08-16,Sunday service
AT06213,M0197,2026-08-16,Sunday service
AT06214,M0198,2026-08-16,Sunday service
AT06215,M0201,2026-08-16,Sunday service
AT06216,M0203,2026-08-16,Sunday service
AT06217,M0204,2026-08-16,Sunday service
AT06218,M0205,2026-08-16,Sunday service
AT06219,M0206,2026-08-16,Sunday service
AT06220,M0208,2026-08-16,Sunday service
AT06221,M0211,2026-08-16,Sunday service
AT06222,M0214,2026-08-16,Sunday service
AT06223,M0215,2026-08-16,Sunday service
AT06224,M0216,2026-08-16,Sunday service
AT06225,M0217,2026-08-16,Sunday service
AT06226,M0218,2026-08-16,Sunday service
AT06227,M0219,2026-08-16,Sunday service
AT06228,M0220,2026-08-16,Sunday service
AT06229,M0221,2026-08-16,Sunday service
AT06230,M0224,2026-08-16,Sunday service
AT06231,M0225,2026-08-16,Sunday service
AT06232,M0226,2026-08-16,Sunday service
AT06233,M0228,2026-08-16,Sunday service
AT06234,M0229,2026-08-16,Sunday service
AT06235,M0230,2026-08-16,Sunday service
AT06236,M0232,2026-08-16,Sunday service
AT06237,M0233,2026-08-16,Sunday service
AT06238,M0234,2026-08-16,Sunday service
AT06239,M0235,2026-08-16,Sunday service
AT06240,M0236,2026-08-16,Sunday service
AT06241,M0238,2026-08-16,Sunday service
AT06242,M0240,2026-08-16,Sunday service
AT06243,M0002,2026-08-23,Sunday service
AT06244,M0003,2026-08-23,Sunday service
AT06245,M0004,2026-08-23,Sunday service
AT06246,M0007,2026-08-23,Sunday service
AT06247,M0008,2026-08-23,Sunday service
AT06248,M0010,2026-08-23,Sunday service
AT06249,M0013,2026-08-23,Sunday service
AT06250,M0014,2026-08-23,Sunday service
AT06251,M0015,2026-08-23,Sunday service
AT06252,M0017,2026-08-23,Sunday service
AT06253,M0018,2026-08-23,Sunday service
AT06254,M0023,2026-08-23,Sunday service
AT06255,M0024,2026-08-23,Sunday service
AT06256,M0026,2026-08-23,Sunday service
AT06257,M0027,2026-08-23,Sunday service
AT06258,M0030,2026-08-23,Sunday service
AT06259,M0031,2026-08-23,Sunday service
AT06260,M0032,2026-08-23,Sunday service
AT06261,M0036,2026-08-23,Sunday service
AT06262,M0038,2026-08-23,Sunday service
AT06263,M0039,2026-08-23,Sunday service
AT06264,M0040,2026-08-23,Sunday service
AT06265,M0042,2026-08-23,Sunday service
AT06266,M0044,2026-08-23,Sunday service
AT06267,M0047,2026-08-23,Sunday service
AT06268,M0048,2026-08-23,Sunday service
AT06269,M0049,2026-08-23,Sunday service
AT06270,M0050,2026-08-23,Sunday service
AT06271,M0051,2026-08-23,Sunday service
AT06272,M0055,2026-08-23,Sunday service
AT06273,M0056,2026-08-23,Sunday service
AT06274,M0057,2026-08-23,Sunday service
AT06275,M0060,2026-08-23,Sunday service
AT06276,M0061,2026-08-23,Sunday service
AT06277,M0062,2026-08-23,Sunday service
AT06278,M0067,2026-08-23,Sunday service
AT06279,M0069,2026-08-23,Sunday service
AT06280,M0071,2026-08-23,Sunday service
AT06281,M0073,2026-08-23,Sunday service
AT06282,M0075,2026-08-23,Sunday service
AT06283,M0076,2026-08-23,Sunday service
AT06284,M0077,2026-08-23,Sunday service
AT06285,M0078,2026-08-23,Sunday service
AT06286,M0080,2026-08-23,Sunday service
AT06287,M0083,2026-08-23,Sunday service
AT06288,M0085,2026-08-23,Sunday service
AT06289,M0088,2026-08-23,Sunday service
AT06290,M0091,2026-08-23,Sunday service
AT06291,M0093,2026-08-23,Sunday service
AT06292,M0098,2026-08-23,Sunday service
AT06293,M0099,2026-08-23,Sunday service
AT06294,M0103,2026-08-23,Sunday service
AT06295,M0105,2026-08-23,Sunday service
AT06296,M0106,2026-08-23,Sunday service
AT06297,M0107,2026-08-23,Sunday service
AT06298,M0108,2026-08-23,Sunday service
AT06299,M0109,2026-08-23,Sunday service
AT06300,M0111,2026-08-23,Sunday service
AT06301,M0113,2026-08-23,Sunday service
AT06302,M0115,2026-08-23,Sunday service
AT06303,M0116,2026-08-23,Sunday service
AT06304,M0118,2026-08-23,Sunday service
AT06305,M0125,2026-08-23,Sunday service
AT06306,M0126,2026-08-23,Sunday service
AT06307,M0129,2026-08-23,Sunday service
AT06308,M0130,2026-08-23,Sunday service
AT06309,M0131,2026-08-23,Sunday service
AT06310,M0133,2026-08-23,Sunday service
AT06311,M0134,2026-08-23,Sunday service
AT06312,M0137,2026-08-23,Sunday service
AT06313,M0138,2026-08-23,Sunday service
AT06314,M0140,2026-08-23,Sunday service
AT06315,M0141,2026-08-23,Sunday service
AT06316,M0143,2026-08-23,Sunday service
AT06317,M0147,2026-08-23,Sunday service
AT06318,M0150,2026-08-23,Sunday service
AT06319,M0151,2026-08-23,Sunday service
AT06320,M0154,2026-08-23,Sunday service
AT06321,M0158,2026-08-23,Sunday service
AT06322,M0160,2026-08-23,Sunday service
AT06323,M0162,2026-08-23,Sunday service
AT06324,M0164,2026-08-23,Sunday service
AT06325,M0166,2026-08-23,Sunday service
AT06326,M0167,2026-08-23,Sunday service
AT06327,M0168,2026-08-23,Sunday service
AT06328,M0169,2026-08-23,Sunday service
AT06329,M0170,2026-08-23,Sunday service
AT06330,M0171,2026-08-23,Sunday service
AT06331,M0175,2026-08-23,Sunday service
AT06332,M0178,2026-08-23,Sunday service
AT06333,M0179,2026-08-23,Sunday service
AT06334,M0180,2026-08-23,Sunday service
AT06335,M0181,2026-08-23,Sunday service
AT06336,M0185,2026-08-23,Sunday service
AT06337,M0186,2026-08-23,Sunday service
AT06338,M0187,2026-08-23,Sunday service
AT06339,M0188,2026-08-23,Sunday service
AT06340,M0189,2026-08-23,Sunday service
AT06341,M0190,2026-08-23,Sunday service
AT06342,M0191,2026-08-23,Sunday service
AT06343,M0197,2026-08-23,Sunday service
AT06344,M0198,2026-08-23,Sunday service
AT06345,M0200,2026-08-23,Sunday service
AT06346,M0201,2026-08-23,Sunday service
AT06347,M0203,2026-08-23,Sunday service
AT06348,M0204,2026-08-23,Sunday service
AT06349,M0208,2026-08-23,Sunday service
AT06350,M0209,2026-08-23,Sunday service
AT06351,M0210,2026-08-23,Sunday service
AT06352,M0214,2026-08-23,Sunday service
AT06353,M0215,2026-08-23,Sunday service
AT06354,M0216,2026-08-23,Sunday service
AT06355,M0217,2026-08-23,Sunday service
AT06356,M0218,2026-08-23,Sunday service
AT06357,M0219,2026-08-23,Sunday service
AT06358,M0220,2026-08-23,Sunday service
AT06359,M0221,2026-08-23,Sunday service
AT06360,M0222,2026-08-23,Sunday service
AT06361,M0224,2026-08-23,Sunday service
AT06362,M0227,2026-08-23,Sunday service
AT06363,M0229,2026-08-23,Sunday service
AT06364,M0230,2026-08-23,Sunday service
AT06365,M0231,2026-08-23,Sunday service
AT06366,M0232,2026-08-23,Sunday service
AT06367,M0234,2026-08-23,Sunday service
AT06368,M0236,2026-08-23,Sunday service
AT06369,M0237,2026-08-23,Sunday service
AT06370,M0238,2026-08-23,Sunday service
AT06371,M0239,2026-08-23,Sunday service
AT06372,M0240,2026-08-23,Sunday service
AT06373,M0001,2026-08-30,Sunday service
AT06374,M0003,2026-08-30,Sunday service
AT06375,M0004,2026-08-30,Sunday service
AT06376,M0006,2026-08-30,Sunday service
AT06377,M0007,2026-08-30,Sunday service
AT06378,M0008,2026-08-30,Sunday service
AT06379,M0012,2026-08-30,Sunday service
AT06380,M0013,2026-08-30,Sunday service
AT06381,M0014,2026-08-30,Sunday service
AT06382,M0015,2026-08-30,Sunday service
AT06383,M0016,2026-08-30,Sunday service
AT06384,M0023,2026-08-30,Sunday service
AT06385,M0027,2026-08-30,Sunday service
AT06386,M0030,2026-08-30,Sunday service
AT06387,M0031,2026-08-30,Sunday service
AT06388,M0034,2026-08-30,Sunday service
AT06389,M0035,2026-08-30,Sunday service
AT06390,M0036,2026-08-30,Sunday service
AT06391,M0037,2026-08-30,Sunday service
AT06392,M0038,2026-08-30,Sunday service
AT06393,M0039,2026-08-30,Sunday service
AT06394,M0040,2026-08-30,Sunday service
AT06395,M0042,2026-08-30,Sunday service
AT06396,M0043,2026-08-30,Sunday service
AT06397,M0044,2026-08-30,Sunday service
AT06398,M0045,2026-08-30,Sunday service
AT06399,M0046,2026-08-30,Sunday service
AT06400,M0048,2026-08-30,Sunday service
AT06401,M0049,2026-08-30,Sunday service
AT06402,M0050,2026-08-30,Sunday service
AT06403,M0051,2026-08-30,Sunday service
AT06404,M0055,2026-08-30,Sunday service
AT06405,M0056,2026-08-30,Sunday service
AT06406,M0057,2026-08-30,Sunday service
AT06407,M0058,2026-08-30,Sunday service
AT06408,M0059,2026-08-30,Sunday service
AT06409,M0060,2026-08-30,Sunday service
AT06410,M0062,2026-08-30,Sunday service
AT06411,M0067,2026-08-30,Sunday service
AT06412,M0069,2026-08-30,Sunday service
AT06413,M0071,2026-08-30,Sunday service
AT06414,M0072,2026-08-30,Sunday service
AT06415,M0074,2026-08-30,Sunday service
AT06416,M0076,2026-08-30,Sunday service
AT06417,M0077,2026-08-30,Sunday service
AT06418,M0080,2026-08-30,Sunday service
AT06419,M0083,2026-08-30,Sunday service
AT06420,M0084,2026-08-30,Sunday service
AT06421,M0088,2026-08-30,Sunday service
AT06422,M0092,2026-08-30,Sunday service
AT06423,M0093,2026-08-30,Sunday service
AT06424,M0098,2026-08-30,Sunday service
AT06425,M0099,2026-08-30,Sunday service
AT06426,M0101,2026-08-30,Sunday service
AT06427,M0102,2026-08-30,Sunday service
AT06428,M0103,2026-08-30,Sunday service
AT06429,M0104,2026-08-30,Sunday service
AT06430,M0105,2026-08-30,Sunday service
AT06431,M0107,2026-08-30,Sunday service
AT06432,M0111,2026-08-30,Sunday service
AT06433,M0113,2026-08-30,Sunday service
AT06434,M0116,2026-08-30,Sunday service
AT06435,M0118,2026-08-30,Sunday service
AT06436,M0124,2026-08-30,Sunday service
AT06437,M0126,2026-08-30,Sunday service
AT06438,M0127,2026-08-30,Sunday service
AT06439,M0130,2026-08-30,Sunday service
AT06440,M0134,2026-08-30,Sunday service
AT06441,M0136,2026-08-30,Sunday service
AT06442,M0137,2026-08-30,Sunday service
AT06443,M0138,2026-08-30,Sunday service
AT06444,M0143,2026-08-30,Sunday service
AT06445,M0145,2026-08-30,Sunday service
AT06446,M0150,2026-08-30,Sunday service
AT06447,M0151,2026-08-30,Sunday service
AT06448,M0153,2026-08-30,Sunday service
AT06449,M0155,2026-08-30,Sunday service
AT06450,M0156,2026-08-30,Sunday service
AT06451,M0158,2026-08-30,Sunday service
AT06452,M0160,2026-08-30,Sunday service
AT06453,M0162,2026-08-30,Sunday service
AT06454,M0163,2026-08-30,Sunday service
AT06455,M0165,2026-08-30,Sunday service
AT06456,M0166,2026-08-30,Sunday service
AT06457,M0168,2026-08-30,Sunday service
AT06458,M0169,2026-08-30,Sunday service
AT06459,M0171,2026-08-30,Sunday service
AT06460,M0177,2026-08-30,Sunday service
AT06461,M0178,2026-08-30,Sunday service
AT06462,M0179,2026-08-30,Sunday service
AT06463,M0180,2026-08-30,Sunday service
AT06464,M0183,2026-08-30,Sunday service
AT06465,M0186,2026-08-30,Sunday service
AT06466,M0187,2026-08-30,Sunday service
AT06467,M0188,2026-08-30,Sunday service
AT06468,M0189,2026-08-30,Sunday service
AT06469,M0190,2026-08-30,Sunday service
AT06470,M0191,2026-08-30,Sunday service
AT06471,M0193,2026-08-30,Sunday service
AT06472,M0194,2026-08-30,Sunday service
AT06473,M0195,2026-08-30,Sunday service
AT06474,M0196,2026-08-30,Sunday service
AT06475,M0197,2026-08-30,Sunday service
AT06476,M0198,2026-08-30,Sunday service
AT06477,M0200,2026-08-30,Sunday service
AT06478,M0201,2026-08-30,Sunday service
AT06479,M0203,2026-08-30,Sunday service
AT06480,M0204,2026-08-30,Sunday service
AT06481,M0206,2026-08-30,Sunday service
AT06482,M0207,2026-08-30,Sunday service
AT06483,M0209,2026-08-30,Sunday service
AT06484,M0211,2026-08-30,Sunday service
AT06485,M0213,2026-08-30,Sunday service
AT06486,M0214,2026-08-30,Sunday service
AT06487,M0216,2026-08-30,Sunday service
AT06488,M0217,2026-08-30,Sunday service
AT06489,M0218,2026-08-30,Sunday service
AT06490,M0219,2026-08-30,Sunday service
AT06491,M0220,2026-08-30,Sunday service
AT06492,M0221,2026-08-30,Sunday service
AT06493,M0222,2026-08-30,Sunday service
AT06494,M0225,2026-08-30,Sunday service
AT06495,M0226,2026-08-30,Sunday service
AT06496,M0227,2026-08-30,Sunday service
AT06497,M0228,2026-08-30,Sunday service
AT06498,M0229,2026-08-30,Sunday service
AT06499,M0230,2026-08-30,Sunday service
AT06500,M0234,2026-08-30,Sunday service
AT06501,M0236,2026-08-30,Sunday service
AT06502,M0237,2026-08-30,Sunday service
AT06503,M0238,2026-08-30,Sunday service
AT06504,M0239,2026-08-30,Sunday service
AT06505,M0240,2026-08-30,Sunday service
AT06506,M0003,2026-09-06,Sunday service
AT06507,M0004,2026-09-06,Sunday service
AT06508,M0006,2026-09-06,Sunday service
AT06509,M0008,2026-09-06,Sunday service
AT06510,M0009,2026-09-06,Sunday service
AT06511,M0011,2026-09-06,Sunday service
AT06512,M0015,2026-09-06,Sunday service
AT06513,M0016,2026-09-06,Sunday service
AT06514,M0018,2026-09-06,Sunday service
AT06515,M0020,2026-09-06,Sunday service
AT06516,M0022,2026-09-06,Sunday service
AT06517,M0023,2026-09-06,Sunday service
AT06518,M0024,2026-09-06,Sunday service
AT06519,M0027,2026-09-06,Sunday service
AT06520,M0030,2026-09-06,Sunday service
AT06521,M0031,2026-09-06,Sunday service
AT06522,M0032,2026-09-06,Sunday service
AT06523,M0036,2026-09-06,Sunday service
AT06524,M0037,2026-09-06,Sunday service
AT06525,M0038,2026-09-06,Sunday service
AT06526,M0039,2026-09-06,Sunday service
AT06527,M0040,2026-09-06,Sunday service
AT06528,M0042,2026-09-06,Sunday service
AT06529,M0043,2026-09-06,Sunday service
AT06530,M0044,2026-09-06,Sunday service
AT06531,M0045,2026-09-06,Sunday service
AT06532,M0048,2026-09-06,Sunday service
AT06533,M0049,2026-09-06,Sunday service
AT06534,M0050,2026-09-06,Sunday service
AT06535,M0053,2026-09-06,Sunday service
AT06536,M0055,2026-09-06,Sunday service
AT06537,M0056,2026-09-06,Sunday service
AT06538,M0057,2026-09-06,Sunday service
AT06539,M0058,2026-09-06,Sunday service
AT06540,M0060,2026-09-06,Sunday service
AT06541,M0061,2026-09-06,Sunday service
AT06542,M0062,2026-09-06,Sunday service
AT06543,M0063,2026-09-06,Sunday service
AT06544,M0069,2026-09-06,Sunday service
AT06545,M0073,2026-09-06,Sunday service
AT06546,M0075,2026-09-06,Sunday service
AT06547,M0077,2026-09-06,Sunday service
AT06548,M0078,2026-09-06,Sunday service
AT06549,M0079,2026-09-06,Sunday service
AT06550,M0080,2026-09-06,Sunday service
AT06551,M0081,2026-09-06,Sunday service
AT06552,M0082,2026-09-06,Sunday service
AT06553,M0083,2026-09-06,Sunday service
AT06554,M0084,2026-09-06,Sunday service
AT06555,M0085,2026-09-06,Sunday service
AT06556,M0086,2026-09-06,Sunday service
AT06557,M0087,2026-09-06,Sunday service
AT06558,M0089,2026-09-06,Sunday service
AT06559,M0091,2026-09-06,Sunday service
AT06560,M0092,2026-09-06,Sunday service
AT06561,M0094,2026-09-06,Sunday service
AT06562,M0099,2026-09-06,Sunday service
AT06563,M0104,2026-09-06,Sunday service
AT06564,M0106,2026-09-06,Sunday service
AT06565,M0113,2026-09-06,Sunday service
AT06566,M0118,2026-09-06,Sunday service
AT06567,M0122,2026-09-06,Sunday service
AT06568,M0123,2026-09-06,Sunday service
AT06569,M0124,2026-09-06,Sunday service
AT06570,M0126,2026-09-06,Sunday service
AT06571,M0127,2026-09-06,Sunday service
AT06572,M0128,2026-09-06,Sunday service
AT06573,M0130,2026-09-06,Sunday service
AT06574,M0132,2026-09-06,Sunday service
AT06575,M0138,2026-09-06,Sunday service
AT06576,M0139,2026-09-06,Sunday service
AT06577,M0140,2026-09-06,Sunday service
AT06578,M0141,2026-09-06,Sunday service
AT06579,M0143,2026-09-06,Sunday service
AT06580,M0144,2026-09-06,Sunday service
AT06581,M0145,2026-09-06,Sunday service
AT06582,M0150,2026-09-06,Sunday service
AT06583,M0153,2026-09-06,Sunday service
AT06584,M0154,2026-09-06,Sunday service
AT06585,M0155,2026-09-06,Sunday service
AT06586,M0156,2026-09-06,Sunday service
AT06587,M0160,2026-09-06,Sunday service
AT06588,M0162,2026-09-06,Sunday service
AT06589,M0165,2026-09-06,Sunday service
AT06590,M0166,2026-09-06,Sunday service
AT06591,M0168,2026-09-06,Sunday service
AT06592,M0172,2026-09-06,Sunday service
AT06593,M0174,2026-09-06,Sunday service
AT06594,M0175,2026-09-06,Sunday service
AT06595,M0177,2026-09-06,Sunday service
AT06596,M0178,2026-09-06,Sunday service
AT06597,M0180,2026-09-06,Sunday service
AT06598,M0181,2026-09-06,Sunday service
AT06599,M0182,2026-09-06,Sunday service
AT06600,M0183,2026-09-06,Sunday service
AT06601,M0185,2026-09-06,Sunday service
AT06602,M0187,2026-09-06,Sunday service
AT06603,M0188,2026-09-06,Sunday service
AT06604,M0190,2026-09-06,Sunday service
AT06605,M0191,2026-09-06,Sunday service
AT06606,M0194,2026-09-06,Sunday service
AT06607,M0196,2026-09-06,Sunday service
AT06608,M0197,2026-09-06,Sunday service
AT06609,M0200,2026-09-06,Sunday service
AT06610,M0202,2026-09-06,Sunday service
AT06611,M0203,2026-09-06,Sunday service
AT06612,M0205,2026-09-06,Sunday service
AT06613,M0206,2026-09-06,Sunday service
AT06614,M0207,2026-09-06,Sunday service
AT06615,M0208,2026-09-06,Sunday service
AT06616,M0209,2026-09-06,Sunday service
AT06617,M0210,2026-09-06,Sunday service
AT06618,M0213,2026-09-06,Sunday service
AT06619,M0214,2026-09-06,Sunday service
AT06620,M0216,2026-09-06,Sunday service
AT06621,M0217,2026-09-06,Sunday service
AT06622,M0218,2026-09-06,Sunday service
AT06623,M0219,2026-09-06,Sunday service
AT06624,M0221,2026-09-06,Sunday service
AT06625,M0225,2026-09-06,Sunday service
AT06626,M0226,2026-09-06,Sunday service
AT06627,M0227,2026-09-06,Sunday service
AT06628,M0228,2026-09-06,Sunday service
AT06629,M0229,2026-09-06,Sunday service
AT06630,M0230,2026-09-06,Sunday service
AT06631,M0231,2026-09-06,Sunday service
AT06632,M0234,2026-09-06,Sunday service
AT06633,M0236,2026-09-06,Sunday service
AT06634,M0237,2026-09-06,Sunday service
AT06635,M0238,2026-09-06,Sunday service
AT06636,M0240,2026-09-06,Sunday service
AT06637,M0001,2026-09-13,Sunday service
AT06638,M0004,2026-09-13,Sunday service
AT06639,M0006,2026-09-13,Sunday service
AT06640,M0007,2026-09-13,Sunday service
AT06641,M0008,2026-09-13,Sunday service
AT06642,M0011,2026-09-13,Sunday service
AT06643,M0012,2026-09-13,Sunday service
AT06644,M0014,2026-09-13,Sunday service
AT06645,M0015,2026-09-13,Sunday service
AT06646,M0018,2026-09-13,Sunday service
AT06647,M0020,2026-09-13,Sunday service
AT06648,M0021,2026-09-13,Sunday service
AT06649,M0022,2026-09-13,Sunday service
AT06650,M0023,2026-09-13,Sunday service
AT06651,M0024,2026-09-13,Sunday service
AT06652,M0026,2026-09-13,Sunday service
AT06653,M0027,2026-09-13,Sunday service
AT06654,M0030,2026-09-13,Sunday service
AT06655,M0031,2026-09-13,Sunday service
AT06656,M0034,2026-09-13,Sunday service
AT06657,M0035,2026-09-13,Sunday service
AT06658,M0036,2026-09-13,Sunday service
AT06659,M0037,2026-09-13,Sunday service
AT06660,M0039,2026-09-13,Sunday service
AT06661,M0040,2026-09-13,Sunday service
AT06662,M0043,2026-09-13,Sunday service
AT06663,M0044,2026-09-13,Sunday service
AT06664,M0046,2026-09-13,Sunday service
AT06665,M0048,2026-09-13,Sunday service
AT06666,M0049,2026-09-13,Sunday service
AT06667,M0050,2026-09-13,Sunday service
AT06668,M0053,2026-09-13,Sunday service
AT06669,M0055,2026-09-13,Sunday service
AT06670,M0056,2026-09-13,Sunday service
AT06671,M0058,2026-09-13,Sunday service
AT06672,M0060,2026-09-13,Sunday service
AT06673,M0062,2026-09-13,Sunday service
AT06674,M0063,2026-09-13,Sunday service
AT06675,M0064,2026-09-13,Sunday service
AT06676,M0065,2026-09-13,Sunday service
AT06677,M0066,2026-09-13,Sunday service
AT06678,M0069,2026-09-13,Sunday service
AT06679,M0073,2026-09-13,Sunday service
AT06680,M0078,2026-09-13,Sunday service
AT06681,M0079,2026-09-13,Sunday service
AT06682,M0080,2026-09-13,Sunday service
AT06683,M0082,2026-09-13,Sunday service
AT06684,M0083,2026-09-13,Sunday service
AT06685,M0084,2026-09-13,Sunday service
AT06686,M0085,2026-09-13,Sunday service
AT06687,M0094,2026-09-13,Sunday service
AT06688,M0096,2026-09-13,Sunday service
AT06689,M0102,2026-09-13,Sunday service
AT06690,M0103,2026-09-13,Sunday service
AT06691,M0104,2026-09-13,Sunday service
AT06692,M0105,2026-09-13,Sunday service
AT06693,M0109,2026-09-13,Sunday service
AT06694,M0110,2026-09-13,Sunday service
AT06695,M0111,2026-09-13,Sunday service
AT06696,M0113,2026-09-13,Sunday service
AT06697,M0114,2026-09-13,Sunday service
AT06698,M0116,2026-09-13,Sunday service
AT06699,M0118,2026-09-13,Sunday service
AT06700,M0122,2026-09-13,Sunday service
AT06701,M0124,2026-09-13,Sunday service
AT06702,M0126,2026-09-13,Sunday service
AT06703,M0127,2026-09-13,Sunday service
AT06704,M0128,2026-09-13,Sunday service
AT06705,M0129,2026-09-13,Sunday service
AT06706,M0130,2026-09-13,Sunday service
AT06707,M0131,2026-09-13,Sunday service
AT06708,M0136,2026-09-13,Sunday service
AT06709,M0137,2026-09-13,Sunday service
AT06710,M0139,2026-09-13,Sunday service
AT06711,M0140,2026-09-13,Sunday service
AT06712,M0141,2026-09-13,Sunday service
AT06713,M0142,2026-09-13,Sunday service
AT06714,M0143,2026-09-13,Sunday service
AT06715,M0144,2026-09-13,Sunday service
AT06716,M0145,2026-09-13,Sunday service
AT06717,M0149,2026-09-13,Sunday service
AT06718,M0153,2026-09-13,Sunday service
AT06719,M0154,2026-09-13,Sunday service
AT06720,M0155,2026-09-13,Sunday service
AT06721,M0157,2026-09-13,Sunday service
AT06722,M0160,2026-09-13,Sunday service
AT06723,M0162,2026-09-13,Sunday service
AT06724,M0165,2026-09-13,Sunday service
AT06725,M0166,2026-09-13,Sunday service
AT06726,M0168,2026-09-13,Sunday service
AT06727,M0169,2026-09-13,Sunday service
AT06728,M0175,2026-09-13,Sunday service
AT06729,M0176,2026-09-13,Sunday service
AT06730,M0177,2026-09-13,Sunday service
AT06731,M0178,2026-09-13,Sunday service
AT06732,M0180,2026-09-13,Sunday service
AT06733,M0181,2026-09-13,Sunday service
AT06734,M0182,2026-09-13,Sunday service
AT06735,M0185,2026-09-13,Sunday service
AT06736,M0186,2026-09-13,Sunday service
AT06737,M0189,2026-09-13,Sunday service
AT06738,M0190,2026-09-13,Sunday service
AT06739,M0193,2026-09-13,Sunday service
AT06740,M0194,2026-09-13,Sunday service
AT06741,M0196,2026-09-13,Sunday service
AT06742,M0197,2026-09-13,Sunday service
AT06743,M0198,2026-09-13,Sunday service
AT06744,M0201,2026-09-13,Sunday service
AT06745,M0202,2026-09-13,Sunday service
AT06746,M0203,2026-09-13,Sunday service
AT06747,M0206,2026-09-13,Sunday service
AT06748,M0209,2026-09-13,Sunday service
AT06749,M0210,2026-09-13,Sunday service
AT06750,M0214,2026-09-13,Sunday service
AT06751,M0217,2026-09-13,Sunday service
AT06752,M0218,2026-09-13,Sunday service
AT06753,M0219,2026-09-13,Sunday service
AT06754,M0220,2026-09-13,Sunday service
AT06755,M0221,2026-09-13,Sunday service
AT06756,M0224,2026-09-13,Sunday service
AT06757,M0225,2026-09-13,Sunday service
AT06758,M0226,2026-09-13,Sunday service
AT06759,M0227,2026-09-13,Sunday service
AT06760,M0228,2026-09-13,Sunday service
AT06761,M0230,2026-09-13,Sunday service
AT06762,M0232,2026-09-13,Sunday service
AT06763,M0236,2026-09-13,Sunday service
AT06764,M0238,2026-09-13,Sunday service
AT06765,M0239,2026-09-13,Sunday service
AT06766,M0240,2026-09-13,Sunday service
AT06767,M0003,2026-09-20,Sunday service
AT06768,M0004,2026-09-20,Sunday service
AT06769,M0007,2026-09-20,Sunday service
AT06770,M0008,2026-09-20,Sunday service
AT06771,M0011,2026-09-20,Sunday service
AT06772,M0012,2026-09-20,Sunday service
AT06773,M0014,2026-09-20,Sunday service
AT06774,M0015,2026-09-20,Sunday service
AT06775,M0016,2026-09-20,Sunday service
AT06776,M0018,2026-09-20,Sunday service
AT06777,M0019,2026-09-20,Sunday service
AT06778,M0020,2026-09-20,Sunday service
AT06779,M0021,2026-09-20,Sunday service
AT06780,M0022,2026-09-20,Sunday service
AT06781,M0023,2026-09-20,Sunday service
AT06782,M0027,2026-09-20,Sunday service
AT06783,M0031,2026-09-20,Sunday service
AT06784,M0034,2026-09-20,Sunday service
AT06785,M0036,2026-09-20,Sunday service
AT06786,M0038,2026-09-20,Sunday service
AT06787,M0039,2026-09-20,Sunday service
AT06788,M0042,2026-09-20,Sunday service
AT06789,M0043,2026-09-20,Sunday service
AT06790,M0044,2026-09-20,Sunday service
AT06791,M0045,2026-09-20,Sunday service
AT06792,M0048,2026-09-20,Sunday service
AT06793,M0049,2026-09-20,Sunday service
AT06794,M0050,2026-09-20,Sunday service
AT06795,M0051,2026-09-20,Sunday service
AT06796,M0053,2026-09-20,Sunday service
AT06797,M0055,2026-09-20,Sunday service
AT06798,M0058,2026-09-20,Sunday service
AT06799,M0060,2026-09-20,Sunday service
AT06800,M0062,2026-09-20,Sunday service
AT06801,M0063,2026-09-20,Sunday service
AT06802,M0064,2026-09-20,Sunday service
AT06803,M0069,2026-09-20,Sunday service
AT06804,M0072,2026-09-20,Sunday service
AT06805,M0073,2026-09-20,Sunday service
AT06806,M0075,2026-09-20,Sunday service
AT06807,M0077,2026-09-20,Sunday service
AT06808,M0078,2026-09-20,Sunday service
AT06809,M0079,2026-09-20,Sunday service
AT06810,M0080,2026-09-20,Sunday service
AT06811,M0083,2026-09-20,Sunday service
AT06812,M0084,2026-09-20,Sunday service
AT06813,M0086,2026-09-20,Sunday service
AT06814,M0088,2026-09-20,Sunday service
AT06815,M0089,2026-09-20,Sunday service
AT06816,M0091,2026-09-20,Sunday service
AT06817,M0094,2026-09-20,Sunday service
AT06818,M0100,2026-09-20,Sunday service
AT06819,M0101,2026-09-20,Sunday service
AT06820,M0103,2026-09-20,Sunday service
AT06821,M0104,2026-09-20,Sunday service
AT06822,M0109,2026-09-20,Sunday service
AT06823,M0110,2026-09-20,Sunday service
AT06824,M0111,2026-09-20,Sunday service
AT06825,M0112,2026-09-20,Sunday service
AT06826,M0115,2026-09-20,Sunday service
AT06827,M0116,2026-09-20,Sunday service
AT06828,M0122,2026-09-20,Sunday service
AT06829,M0123,2026-09-20,Sunday service
AT06830,M0124,2026-09-20,Sunday service
AT06831,M0125,2026-09-20,Sunday service
AT06832,M0126,2026-09-20,Sunday service
AT06833,M0128,2026-09-20,Sunday service
AT06834,M0130,2026-09-20,Sunday service
AT06835,M0131,2026-09-20,Sunday service
AT06836,M0134,2026-09-20,Sunday service
AT06837,M0140,2026-09-20,Sunday service
AT06838,M0142,2026-09-20,Sunday service
AT06839,M0143,2026-09-20,Sunday service
AT06840,M0144,2026-09-20,Sunday service
AT06841,M0148,2026-09-20,Sunday service
AT06842,M0150,2026-09-20,Sunday service
AT06843,M0153,2026-09-20,Sunday service
AT06844,M0154,2026-09-20,Sunday service
AT06845,M0155,2026-09-20,Sunday service
AT06846,M0158,2026-09-20,Sunday service
AT06847,M0160,2026-09-20,Sunday service
AT06848,M0164,2026-09-20,Sunday service
AT06849,M0165,2026-09-20,Sunday service
AT06850,M0166,2026-09-20,Sunday service
AT06851,M0167,2026-09-20,Sunday service
AT06852,M0168,2026-09-20,Sunday service
AT06853,M0170,2026-09-20,Sunday service
AT06854,M0171,2026-09-20,Sunday service
AT06855,M0175,2026-09-20,Sunday service
AT06856,M0176,2026-09-20,Sunday service
AT06857,M0177,2026-09-20,Sunday service
AT06858,M0178,2026-09-20,Sunday service
AT06859,M0179,2026-09-20,Sunday service
AT06860,M0182,2026-09-20,Sunday service
AT06861,M0184,2026-09-20,Sunday service
AT06862,M0185,2026-09-20,Sunday service
AT06863,M0186,2026-09-20,Sunday service
AT06864,M0189,2026-09-20,Sunday service
AT06865,M0190,2026-09-20,Sunday service
AT06866,M0191,2026-09-20,Sunday service
AT06867,M0194,2026-09-20,Sunday service
AT06868,M0195,2026-09-20,Sunday service
AT06869,M0196,2026-09-20,Sunday service
AT06870,M0197,2026-09-20,Sunday service
AT06871,M0198,2026-09-20,Sunday service
AT06872,M0200,2026-09-20,Sunday service
AT06873,M0201,2026-09-20,Sunday service
AT06874,M0203,2026-09-20,Sunday service
AT06875,M0206,2026-09-20,Sunday service
AT06876,M0207,2026-09-20,Sunday service
AT06877,M0209,2026-09-20,Sunday service
AT06878,M0210,2026-09-20,Sunday service
AT06879,M0213,2026-09-20,Sunday service
AT06880,M0217,2026-09-20,Sunday service
AT06881,M0218,2026-09-20,Sunday service
AT06882,M0219,2026-09-20,Sunday service
AT06883,M0220,2026-09-20,Sunday service
AT06884,M0224,2026-09-20,Sunday service
AT06885,M0225,2026-09-20,Sunday service
AT06886,M0226,2026-09-20,Sunday service
AT06887,M0227,2026-09-20,Sunday service
AT06888,M0228,2026-09-20,Sunday service
AT06889,M0229,2026-09-20,Sunday service
AT06890,M0230,2026-09-20,Sunday service
AT06891,M0231,2026-09-20,Sunday service
AT06892,M0232,2026-09-20,Sunday service
AT06893,M0236,2026-09-20,Sunday service
AT06894,M0237,2026-09-20,Sunday service
AT06895,M0240,2026-09-20,Sunday service
AT06896,M0001,2026-09-27,Sunday service
AT06897,M0003,2026-09-27,Sunday service
AT06898,M0004,2026-09-27,Sunday service
AT06899,M0006,2026-09-27,Sunday service
AT06900,M0008,2026-09-27,Sunday service
AT06901,M0011,2026-09-27,Sunday service
AT06902,M0013,2026-09-27,Sunday service
AT06903,M0014,2026-09-27,Sunday service
AT06904,M0015,2026-09-27,Sunday service
AT06905,M0017,2026-09-27,Sunday service
AT06906,M0018,2026-09-27,Sunday service
AT06907,M0019,2026-09-27,Sunday service
AT06908,M0020,2026-09-27,Sunday service
AT06909,M0021,2026-09-27,Sunday service
AT06910,M0024,2026-09-27,Sunday service
AT06911,M0025,2026-09-27,Sunday service
AT06912,M0026,2026-09-27,Sunday service
AT06913,M0027,2026-09-27,Sunday service
AT06914,M0031,2026-09-27,Sunday service
AT06915,M0035,2026-09-27,Sunday service
AT06916,M0036,2026-09-27,Sunday service
AT06917,M0037,2026-09-27,Sunday service
AT06918,M0038,2026-09-27,Sunday service
AT06919,M0039,2026-09-27,Sunday service
AT06920,M0040,2026-09-27,Sunday service
AT06921,M0042,2026-09-27,Sunday service
AT06922,M0043,2026-09-27,Sunday service
AT06923,M0048,2026-09-27,Sunday service
AT06924,M0049,2026-09-27,Sunday service
AT06925,M0050,2026-09-27,Sunday service
AT06926,M0051,2026-09-27,Sunday service
AT06927,M0055,2026-09-27,Sunday service
AT06928,M0056,2026-09-27,Sunday service
AT06929,M0058,2026-09-27,Sunday service
AT06930,M0059,2026-09-27,Sunday service
AT06931,M0060,2026-09-27,Sunday service
AT06932,M0062,2026-09-27,Sunday service
AT06933,M0069,2026-09-27,Sunday service
AT06934,M0073,2026-09-27,Sunday service
AT06935,M0074,2026-09-27,Sunday service
AT06936,M0077,2026-09-27,Sunday service
AT06937,M0078,2026-09-27,Sunday service
AT06938,M0079,2026-09-27,Sunday service
AT06939,M0080,2026-09-27,Sunday service
AT06940,M0082,2026-09-27,Sunday service
AT06941,M0084,2026-09-27,Sunday service
AT06942,M0085,2026-09-27,Sunday service
AT06943,M0087,2026-09-27,Sunday service
AT06944,M0088,2026-09-27,Sunday service
AT06945,M0101,2026-09-27,Sunday service
AT06946,M0102,2026-09-27,Sunday service
AT06947,M0104,2026-09-27,Sunday service
AT06948,M0109,2026-09-27,Sunday service
AT06949,M0110,2026-09-27,Sunday service
AT06950,M0113,2026-09-27,Sunday service
AT06951,M0114,2026-09-27,Sunday service
AT06952,M0116,2026-09-27,Sunday service
AT06953,M0118,2026-09-27,Sunday service
AT06954,M0122,2026-09-27,Sunday service
AT06955,M0123,2026-09-27,Sunday service
AT06956,M0124,2026-09-27,Sunday service
AT06957,M0125,2026-09-27,Sunday service
AT06958,M0126,2026-09-27,Sunday service
AT06959,M0129,2026-09-27,Sunday service
AT06960,M0130,2026-09-27,Sunday service
AT06961,M0132,2026-09-27,Sunday service
AT06962,M0133,2026-09-27,Sunday service
AT06963,M0135,2026-09-27,Sunday service
AT06964,M0139,2026-09-27,Sunday service
AT06965,M0140,2026-09-27,Sunday service
AT06966,M0142,2026-09-27,Sunday service
AT06967,M0143,2026-09-27,Sunday service
AT06968,M0151,2026-09-27,Sunday service
AT06969,M0153,2026-09-27,Sunday service
AT06970,M0154,2026-09-27,Sunday service
AT06971,M0155,2026-09-27,Sunday service
AT06972,M0156,2026-09-27,Sunday service
AT06973,M0158,2026-09-27,Sunday service
AT06974,M0160,2026-09-27,Sunday service
AT06975,M0162,2026-09-27,Sunday service
AT06976,M0165,2026-09-27,Sunday service
AT06977,M0166,2026-09-27,Sunday service
AT06978,M0167,2026-09-27,Sunday service
AT06979,M0168,2026-09-27,Sunday service
AT06980,M0169,2026-09-27,Sunday service
AT06981,M0170,2026-09-27,Sunday service
AT06982,M0175,2026-09-27,Sunday service
AT06983,M0177,2026-09-27,Sunday service
AT06984,M0178,2026-09-27,Sunday service
AT06985,M0179,2026-09-27,Sunday service
AT06986,M0180,2026-09-27,Sunday service
AT06987,M0181,2026-09-27,Sunday service
AT06988,M0182,2026-09-27,Sunday service
AT06989,M0184,2026-09-27,Sunday service
AT06990,M0185,2026-09-27,Sunday service
AT06991,M0187,2026-09-27,Sunday service
AT06992,M0188,2026-09-27,Sunday service
AT06993,M0189,2026-09-27,Sunday service
AT06994,M0190,2026-09-27,Sunday service
AT06995,M0191,2026-09-27,Sunday service
AT06996,M0192,2026-09-27,Sunday service
AT06997,M0193,2026-09-27,Sunday service
AT06998,M0195,2026-09-27,Sunday service
AT06999,M0196,2026-09-27,Sunday service
AT07000,M0197,2026-09-27,Sunday service
AT07001,M0198,2026-09-27,Sunday service
AT07002,M0200,2026-09-27,Sunday service
AT07003,M0201,2026-09-27,Sunday service
AT07004,M0202,2026-09-27,Sunday service
AT07005,M0203,2026-09-27,Sunday service
AT07006,M0205,2026-09-27,Sunday service
AT07007,M0206,2026-09-27,Sunday service
AT07008,M0210,2026-09-27,Sunday service
AT07009,M0211,2026-09-27,Sunday service
AT07010,M0213,2026-09-27,Sunday service
AT07011,M0214,2026-09-27,Sunday service
AT07012,M0216,2026-09-27,Sunday service
AT07013,M0217,2026-09-27,Sunday service
AT07014,M0218,2026-09-27,Sunday service
AT07015,M0219,2026-09-27,Sunday service
AT07016,M0220,2026-09-27,Sunday service
AT07017,M0221,2026-09-27,Sunday service
AT07018,M0226,2026-09-27,Sunday service
AT07019,M0227,2026-09-27,Sunday service
AT07020,M0228,2026-09-27,Sunday service
AT07021,M0229,2026-09-27,Sunday service
AT07022,M0230,2026-09-27,Sunday service
AT07023,M0231,2026-09-27,Sunday service
AT07024,M0236,2026-09-27,Sunday service
AT07025,M0237,2026-09-27,Sunday service
AT07026,M0240,2026-09-27,Sunday service
